NodeCount,PathLength,CompileTime,KeyGenerationTime,EncryptionTime,ExecutionTime,DecryptionTime,ReferenceExecutionTime,Mse
36,0,0.4524999999375723,90.7732999999098,28.331900000011956,5.007799999930285,15.26319999993575,3.48649999978079,2.530378092323296e-09
36,1,0.3820000001724111,60.779899999943154,35.45209999992949,5.6356999998570245,15.288799999780167,3.8677999996252765,3.924364100165754e-09
36,2,0.388800000109768,47.12789999985034,31.61339999996926,4.769799999849056,19.08289999983026,4.36539999964225,2.1588352995120004e-09
36,3,0.33440000015616533,62.073900000086724,50.71490000000267,9.414799999831303,33.11789999997927,9.494000000358938,9.481436124044595e-10
36,4,0.45499999987441697,83.98380000016914,54.032700000334444,6.510600000183331,19.663000000036845,3.939899999750196,2.66026718475196e-09
36,5,0.414699999964796,62.38930000017717,41.038899999875866,9.292499999901338,25.41719999999259,6.840699999884237,6.265667412074617e-09
36,6,0.7163000000218744,56.233899999824644,32.993700000133686,4.629199999726552,18.7554000003729,3.839699999844015,1.5338401682237652e-09
36,7,0.8004999999684514,52.78150000003734,40.38799999989351,5.823100000270642,18.340399999942747,4.431999999724212,1.0717479642873852e-09
36,8,0.2746999998635147,47.043500000199856,32.67619999996896,5.70689999995011,15.799100000094768,3.3180000000356813,1.5096558661641132e-09
36,9,0.4283000002942572,46.5727999999217,33.29980000034993,5.749800000103278,16.457199999877048,3.7171000003581867,1.0479028954063676e-09
36,10,0.31690000014350517,48.09770000019853,33.00149999995483,4.890100000011444,17.671300000074552,3.601099999741564,1.611613112449341e-09
36,11,0.34370000003036694,52.48310000024503,45.216200000140816,7.685699999910867,36.38229999978648,5.616500000087399,6.579085459019527e-10
36,12,0.7937000000310945,74.86400000016147,60.707600000114326,8.343899999999849,25.142199999663717,5.085199999939505,2.0630907115762198e-09
36,13,0.4067999998369487,48.22919999969599,32.73269999999684,4.372699999748875,20.67110000007233,3.781500000059168,1.0797674468891215e-09
36,14,0.37369999972725054,46.42460000013671,35.83969999999681,5.991500000163796,17.910900000060792,3.8170999996509636,1.82155448235077e-09
36,15,0.31630000012228265,49.08720000003086,32.796500000131346,5.317399999967165,15.163900000061403,3.284300000359508,1.7632324169919504e-09
36,16,0.42650000023058965,45.38000000002285,32.49379999988378,4.418900000018766,15.501300000323681,4.507600000124512,6.717361582940374e-10
36,17,0.3660000002128072,44.95410000026823,30.61359999992419,6.566199999724631,20.789700000023004,5.840599999828555,3.215020470138917e-09
36,18,0.570500000321772,59.46739999990314,36.12169999996695,6.119600000147329,19.29580000023634,6.879500000195549,2.6669788953483245e-09
36,19,0.47420000009879004,47.25040000039371,35.84230000024036,4.743500000131462,18.492799999876297,4.757499999868742,1.2524115233432882e-09
36,20,0.543199999810895,47.63309999998455,29.86879999980374,4.395299999941926,15.172700000221084,3.2449000000269734,1.0237886790394919e-09
36,21,1.0366999999860127,49.013299999842275,33.8422999998329,5.1876000002266665,15.09219999979905,3.567300000213436,5.739966637039812e-10
36,22,0.4867999996349681,45.675300000311836,37.605900000016845,7.4425999996492465,22.325599999931,3.7132999996174476,3.743617800380945e-09
36,23,0.6560000001627486,48.4201999997822,31.05009999990216,4.799300000286166,17.991299999721377,3.375300000243442,2.4798018795361417e-09
36,24,0.44410000009520445,50.89799999996103,31.24279999974533,4.546600000139733,16.627599999992526,4.22870000011244,7.472799968476025e-10
36,25,0.8093000001281325,51.4272999998866,32.272200000079465,4.41000000000713,15.835200000310579,3.363899999840214,6.102249846017261e-10
36,26,0.4659999999603315,47.508299999662995,35.795900000266556,5.999900000006164,17.180499999994936,3.9320999999290507,9.009232179380895e-10
36,27,0.38629999971817597,50.233099999786646,31.826100000216684,4.3928000000050815,15.65649999974994,3.2762999999249587,1.3413756123272655e-09
36,28,0.5715000002055604,45.090000000072905,35.02370000023802,5.3664000001845125,17.39339999994627,3.275500000199827,9.643778135646572e-10
36,29,0.7772000003569701,47.642500000165455,31.397700000070472,4.362800000308198,15.541799999937211,3.3533999999235675,1.0661469642491155e-09
36,30,0.5283999998937361,58.39139999989129,34.43250000009357,6.018800000219926,18.624699999691074,3.9946000001691573,1.1696464805760362e-09
36,31,0.5915000001550652,44.251100000110455,29.46040000006178,4.922200000237353,15.151699999933044,3.9234999999280262,1.142834436631966e-09
36,32,0.3713999999490625,60.59599999980492,52.1905999999035,8.353200000328798,22.56919999990714,4.877500000020518,2.419416462396705e-09
36,33,0.33360000043103355,49.16510000020935,30.79989999969257,4.908900000373251,14.795000000049185,3.262199999880977,2.68896160008464e-09
36,34,0.3517000000101689,66.53800000003685,53.05309999994279,6.780000000162545,21.25789999990957,3.970400000071095,1.2536324754260407e-09
36,35,0.4862999999204476,46.40530000006038,29.681100000289007,4.524599999967904,14.70659999995405,4.179300000032526,7.789646113292507e-10
36,36,0.3873000000567117,49.205699999674835,29.074499999751424,4.437600000073871,14.995900000030815,3.262300000187679,1.2414645031355887e-09
36,37,0.3166000001328939,49.12379999996119,33.2671000001028,4.618599999957951,19.766700000218407,8.269500000096741,1.004632814813491e-09
36,38,0.4911000000902277,53.12480000020514,41.91390000005413,5.917800000133866,18.344499999784603,3.8500000000567525,6.011493804793064e-10
36,39,0.27890000001207227,49.057600000196544,32.98580000000584,5.34349999998085,15.619299999798386,3.423399999974208,1.0857287404601334e-09
36,40,0.6767999998373853,50.99830000017391,42.610899999999674,7.229699999697914,22.047500000098808,3.934900000331254,7.553574955417999e-10
36,41,0.4389999999148131,67.43060000007972,44.87310000013167,5.685300000095594,22.11829999987458,4.455899999811663,1.3572571337346724e-09
36,42,0.4063999999743828,53.90850000003411,37.046599999939644,5.461299999751645,20.972799999981362,4.887699999926554,6.501607125029057e-10
36,43,0.46369999972739606,54.526500000065425,31.430900000032125,4.919100000279286,16.071499999725347,3.391300000203046,6.985618051434428e-10
36,44,0.9507999998277228,58.38969999967958,54.996399999708956,7.677499999772408,22.176200000103563,6.558300000051531,6.652752991068823e-10
36,45,0.36980000004405156,57.39029999995182,47.78970000006666,10.476200000084646,28.31479999986186,5.498499999703199,1.2253160888629817e-09
36,46,0.49239999998462736,71.2760999999773,51.565600000230916,8.165499999904569,23.727799999960553,5.173300000024028,7.647995831833964e-10
36,47,1.010599999972328,67.21879999986413,46.47690000001603,8.691099999850849,24.31380000007266,5.6578000003355555,1.5222293281018597e-09
36,48,0.4849000001740933,64.179200000126,40.89780000003884,5.273599999782164,18.483700000160752,4.545299999790586,1.4164545801346825e-09
36,49,0.4785999999512569,64.87360000028275,41.34620000013456,6.591500000013184,20.564700000250014,4.354300000159128,9.699354347707726e-10
36,50,0.6803999999647203,71.274600000379,40.40600000007544,5.598499999905471,16.672900000230584,3.5431000001153734,1.3610983705892311e-09
36,51,0.7121000003280642,51.26659999996264,36.874299999908544,5.029099999774189,18.45480000019961,3.323400000226684,2.515605570913845e-09
36,52,0.2586999999039108,61.98369999992792,31.91930000002685,4.703400000380498,16.68100000006234,3.485999999611522,9.727680799676927e-10
36,53,0.26569999999992433,60.05069999991974,35.212199999932636,4.911499999707303,20.405400000072405,4.0508000001864275,1.072855927931983e-09
36,54,0.7474999997612031,49.95779999990191,34.37789999998131,5.134300000008807,16.39710000017658,3.747700000076293,2.4160331309462835e-09
36,55,0.6689000001642853,53.66520000006858,36.48169999996753,6.736699999692064,16.65469999989,3.748000000086904,1.1712248358439998e-09
36,56,0.320099999953527,50.032699999974284,35.872399999789195,4.800700000032521,19.55939999970724,4.467100000056234,5.81574199159082e-10
36,57,0.5326999998942483,67.66790000028777,37.75919999998223,5.405200000041077,17.461200000070676,5.396400000336143,8.60416297095978e-10
36,58,0.47929999982443405,54.68969999992623,36.421599999812315,5.105299999740964,17.318600000180595,3.727700000126788,3.120604780428326e-09
36,59,0.39270000024771434,56.46519999982047,31.871900000169262,4.886299999725452,17.612799999824347,3.6104999999224674,6.701881015650479e-10
36,60,0.47650000033172546,54.58760000010443,41.05230000004667,5.3923000000395405,18.185999999786873,3.615200000240293,1.7054852298804564e-09
36,61,0.618300000041927,58.34660000027725,47.210700000050565,8.35189999997965,24.832599999626837,4.77180000007138,1.6289641877267418e-09
36,62,0.43409999989307835,54.77000000018961,34.105300000192074,4.626899999948364,18.89030000029379,4.933700000037788,2.133818818815095e-09
36,63,0.9109000002354151,54.480900000271504,36.741499999607186,5.917700000281911,15.538099999957922,3.850600000077975,7.469728215925821e-10
36,64,0.2880999995795719,49.695600000177365,37.241399999857094,5.663500000082422,22.199900000032358,5.192700000407058,1.1297690705229135e-09
36,65,0.3527999997459119,65.10620000017298,46.52619999978924,6.062400000246271,20.575800000187883,4.488300000048184,2.1773624492595145e-09
36,66,0.2812000002450077,50.100599999950646,32.071300000097835,4.678299999795854,14.816999999766267,3.6162000001240813,2.194962363603774e-09
36,67,0.39939999987836927,43.577599999935046,28.68629999966288,6.40320000002248,20.030600000154664,5.095800000162853,2.9050581391452952e-09
36,68,0.40769999986878247,65.57560000010199,45.479400000203896,6.889299999784271,23.96329999965019,4.667499999868596,9.002297796808859e-10
36,69,0.4440999996404571,49.69649999975445,46.153400000093825,7.176500000241504,31.63730000005671,8.721899999727611,6.489265974413067e-09
36,70,0.497699999868928,54.1214999998374,34.64589999975942,5.460699999730423,17.10109999976339,3.733600000032311,1.70433463512836e-09
36,71,0.6164000001263048,46.046299999943585,30.559699999685108,4.84809999989011,15.101599999979953,3.5929000000578526,9.510096728646857e-10
36,72,0.3722000001289416,48.03890000039246,38.14139999985855,4.398800000217307,15.225699999973585,3.2590999999229098,1.4297294509061747e-09
36,73,0.4162000000178523,62.80900000001566,31.034299999646464,5.113899999741989,20.5271999998331,4.0119999998751155,2.8838431539003084e-09
36,74,0.3509999996822444,44.98560000001817,32.04290000030596,4.7857000004114525,15.777099999922939,3.2837999997354927,1.4318290314810603e-09
36,75,0.6186999999044929,46.363299999939045,28.903099999752158,4.976799999894865,18.292600000222592,3.7818000000697793,2.800825105652274e-09
36,76,0.6555999998454354,47.66799999970317,33.1332000000657,5.083199999717181,17.054599999937636,3.523299999869778,1.0274932281542485e-09
36,77,0.4702999999608437,51.35340000015276,36.588799999663024,6.013400000028923,18.738799999937328,4.328800000166666,7.031130087109001e-10
36,78,0.38020000010874355,60.9455000003436,49.113000000033935,9.105499999805033,31.201700000110577,7.064400000217574,7.007852423546535e-10
36,79,0.8583999997426872,78.15590000018346,59.29650000007314,9.164699999928416,23.90109999987544,4.782699999850593,2.553050146356736e-09
36,80,0.25899999991452205,41.74620000003415,32.291499999701045,5.132399999638437,16.939300000103685,3.363199999967037,6.065731147616018e-10
36,81,0.4890000000159489,48.55959999986226,30.337800000324933,4.406300000027841,14.825200000359473,3.367600000274251,6.43897119647301e-10
36,82,0.3320999999232299,48.25650000020687,37.55350000028557,5.833600000187289,19.37869999983377,4.584299999805808,4.8434232855294e-09
36,83,0.6149000000732485,46.28149999962261,32.95159999970565,4.586699999890698,15.442000000348344,3.4529000004113186,8.399026065195548e-10
36,84,0.4453999999896041,46.75300000008065,29.723099999955593,4.377399999611953,18.151400000078866,3.8042000001041743,3.3897577248310167e-09
36,85,0.959200000124838,44.922999999926105,30.539100000169128,4.717799999980343,15.053799999805051,3.916900000149326,1.5187024035181642e-09
36,86,0.4580999998324842,53.62439999998969,40.98169999997481,5.878200000097422,19.523599999956787,4.597199999807344,1.0386393037384285e-09
36,87,0.43520000008356874,45.302300000003015,30.50149999990026,4.381400000056601,15.552600000319217,3.4259000003658002,1.8931818488269657e-09
36,88,0.8657000003040594,53.67740000019694,30.014300000402727,4.650900000342517,16.11330000014277,3.2872000001589186,1.870407846608076e-09
36,89,0.5679000000782253,53.60979999977644,33.258500000101776,4.931299999952898,17.713799999910407,4.343000000062602,1.300565257061497e-09
36,90,0.31709999984741444,43.853000000126485,28.187200000047596,4.578199999741628,14.701699999932316,3.586700000141718,6.886458423507153e-10
36,91,0.5286000000523927,45.295400000213704,31.07610000006389,4.557600000225648,15.031400000225403,3.4379999997327104,6.72795985338131e-10
36,92,0.450999999884516,46.21369999995295,33.284399999956804,4.478399999698013,15.395600000374543,3.350799999680021,2.3258849972069715e-09
36,93,0.8799000001999957,55.799400000069,45.55460000028688,8.252500000253349,24.417300000095565,6.938800000170886,1.6171257518605053e-09
36,94,0.3775999998651969,59.11280000009356,43.6546000000817,7.615900000018883,20.305999999891355,4.196999999749096,1.667567658196715e-09
36,95,0.31730000000607106,49.47290000018256,31.18769999991855,4.6004000000721135,17.060399999991205,4.579200000080164,6.673816782277017e-10
36,96,0.35720000005312613,49.61520000006203,29.82029999975566,4.5754999996461265,15.007599999989907,3.4164999997301493,1.2977577621232968e-09
36,97,0.5097000002933783,43.96600000018225,28.501300000243646,6.064000000151282,21.571700000095007,4.862000000230182,8.535340307255583e-10
36,98,0.45439999985319446,48.82599999973536,30.06779999986975,5.673600000136503,17.142100000000937,3.3533999999235675,1.1650032310009e-09
36,99,0.4673999997066858,45.831100000214064,29.78320000011081,4.400400000122318,17.816000000038912,4.206999999951222,1.2481240423344377e-09
40,0,0.47210000002451125,44.89530000000741,38.32520000014483,4.659599999740749,15.407500000037544,3.436999999848922,1.1656608704960555e-09
40,1,0.3274000000601518,50.56430000013279,30.059700000037992,4.747299999962706,15.165799999977025,3.2802999999148597,6.870460418005303e-10
40,2,0.37550000024566543,44.15210000024672,43.583899999703135,7.13499999983469,26.127999999971507,5.974800000331015,2.1010299392637157e-09
40,3,0.4851999997299572,78.26079999995272,61.550200000056066,7.2376000002805085,23.960100000294915,4.351799999767536,8.834280947905039e-10
40,4,0.3664000000753731,47.37769999974262,33.598300000448944,4.911200000151439,16.314599999986967,5.679500000042026,6.666613662856527e-10
40,5,1.033000000006723,53.60739999969155,36.98160000021744,8.273500000086642,27.22859999994398,8.084600000074715,9.333932190042811e-09
40,6,0.42910000001938897,64.84439999985625,46.7398000000685,5.947299999661482,20.448900000246795,5.4867999997441075,6.192349931086759e-10
40,7,0.9334999999737192,45.44029999988197,38.79720000031739,8.058399999754329,23.516299999755574,8.291000000099302,6.882482177435792e-10
40,8,0.4690999999183987,54.74229999981617,37.10259999979826,5.026100000122824,17.462700000123732,4.348700000264216,4.089912363074819e-09
40,9,0.2789999998640269,47.89779999964594,38.59890000012456,6.838199999947392,16.824500000439002,3.271900000072492,9.87082006242589e-10
40,10,0.5828999996992934,44.70560000027035,32.807900000079826,4.35620000007475,16.593399999692338,3.295800000159943,6.6844206259635e-10
40,11,0.3862000003209687,45.07289999992281,31.1160999999629,5.206499999985681,16.32919999974547,3.5020000000258733,5.620189325538737e-09
40,12,0.7288000001608452,49.04380000016317,31.592600000294624,4.473999999845546,15.43439999977636,3.2806999997774255,1.5181690705505207e-09
40,13,0.528799999756302,46.03729999962525,30.36580000025424,6.166300000131741,30.684399999699963,7.106699999894772,8.28777463158969e-10
40,14,0.7746000001134234,44.95039999983419,29.855299999780982,5.785800000012387,22.269799999776296,5.38700000015524,7.183817169663779e-10
40,15,0.5016000000068743,54.2276999999558,34.43200000037905,5.989199999930861,16.830099999879167,3.296599999885075,3.22814892848425e-09
40,16,0.4602000003615103,42.43459999997867,31.71829999973852,5.012999999962631,19.045900000037363,3.901999999925465,9.482095104117408e-10
40,17,0.3716000001077191,43.985799999973096,32.34130000009827,7.125600000108534,40.50790000019333,9.27159999992,8.930663014837953e-10
40,18,2.05229999983203,87.53710000019055,59.00209999981598,10.968300000058662,30.25759999991351,7.712900000115042,1.100864958366661e-09
40,19,0.5320999998730258,59.16659999957119,28.60030000010738,5.195699999603676,15.678800000387128,3.411099999993894,6.171912607950488e-10
40,20,0.397899999825313,50.690900000063266,42.03400000005786,8.847699999932956,31.332199999724253,5.860099999608792,9.761837511918747e-09
40,21,0.48870000000533764,83.86929999960557,64.21249999993961,9.413799999947514,32.35429999995176,6.088700000418612,6.525863087519917e-10
40,22,0.7130999997571053,64.59489999997459,49.786999999923864,6.884299999910581,26.009400000020833,5.998399999953108,9.829597341285266e-10
40,23,0.5094999996799743,55.572400000073685,33.53889999971216,11.961900000187597,29.779599999983475,6.344299999909708,9.585928166022732e-10
40,24,0.584299999900395,40.39139999986219,33.500500000172906,6.9346000000223285,21.05219999975816,3.7783000002491463,2.702265035068445e-09
40,25,0.568800000110059,37.58910000033211,35.53239999973812,5.641499999910593,18.810400000347727,4.27270000000135,9.902580915223434e-10
40,26,0.9236000000782951,84.97639999995954,54.4038999996701,8.792099999936909,15.996699999959674,3.461699999661505,1.4319247567081875e-09
40,27,0.40970000009110663,38.17209999988336,50.575299999763956,11.80659999999989,27.713999999832595,7.456400000137364,3.6565075555841593e-09
40,28,0.9310000000368746,65.60309999986202,37.700300000324205,7.800000000315777,21.512100000109058,4.173300000275049,1.7188409826392468e-09
40,29,0.46920000022510067,52.33300000008967,51.8939000003229,4.48389999974097,17.712200000005396,3.7634000000252854,2.562616539952835e-09
40,30,0.6613999998990039,49.76729999998497,31.28420000030019,4.425999999966734,15.126299999792536,3.2697000001462584,2.2976717428067337e-09
40,31,0.37799999972776277,40.107999999690946,37.300199999663164,5.753800000093179,19.146200000250246,4.741300000205229,2.8366252305405766e-09
40,32,0.38080000012996607,98.8588999998683,60.81510000012713,9.442200000194134,34.36379999993733,7.712000000083208,1.5372405532103172e-09
40,33,0.541700000212586,74.29169999977603,39.00729999986652,5.672700000104669,17.32120000042414,3.6792000000787084,2.5870369328339683e-09
40,34,0.5449000000226079,41.408099999898695,27.422999999998865,4.6599000002061075,14.817600000242237,3.320499999972526,1.999365392057727e-09
40,35,0.3547999999682361,38.212400000247726,28.87860000009823,4.683099999965634,15.240300000186835,3.603099999963888,7.991506576867642e-10
40,36,0.2638999999362568,38.98449999996956,33.2314000002043,4.346600000189937,15.869699999711884,3.2894999999371066,1.6871992645616127e-09
40,37,0.34989999994650134,39.47070000003805,31.45219999987603,4.319099999975151,14.527999999700114,3.2252999999400345,2.7182197224463008e-09
40,38,0.46750000001338776,35.91289999985747,26.904599999852508,4.239199999574339,14.64269999996759,3.2587999999122985,2.157787044504935e-09
40,39,0.6152000000838598,38.29729999961273,28.896700000132114,4.239699999743607,14.735000000200671,3.2471999998051615,2.4919070949603093e-09
40,40,0.4948000000695174,37.023600000338774,26.47919999981241,4.527000000052794,14.94749999983469,3.40840000035314,6.706240430113504e-10
40,41,0.32660000033502,40.86489999963305,30.806100000063452,4.54489999992802,16.12089999980526,3.7663999996766506,1.3716470093041259e-09
40,42,0.37929999962216243,39.57350000018778,32.1128000000499,4.770900000039546,15.466900000319583,4.370699999981298,6.136442524570805e-10
40,43,0.325299999985873,45.112999999673775,28.391800000008516,4.341800000020157,16.12890000023981,3.5410000000410946,6.0339892962939e-10
40,44,0.30280000009952346,40.033799999946496,27.985399999579386,4.570199999761826,15.83950000031109,3.633100000115519,6.426391976981014e-10
40,45,0.3517000000101689,40.81350000024031,28.797299999951065,4.299800000353571,16.46310000023732,3.357199999754812,1.4317950430342298e-09
40,46,0.5292999999255699,44.145299999854615,27.686500000072556,4.347399999915069,15.444600000137143,3.3618000002206827,1.340597781126951e-09
40,47,0.45939999972688383,42.08790000029694,29.94380000018282,4.621000000042841,15.264999999999418,3.1933999998727813,5.786870961575426e-10
40,48,0.2804999999170832,53.491200000280514,33.40040000011868,7.041800000024523,21.418700000140234,4.085399999894435,8.6260188089682e-10
40,49,0.3209999999853608,36.74230000024181,28.217300000051182,5.238500000359636,16.566400000101567,4.280699999981152,8.907969484566283e-10
40,50,0.3532999999151798,45.05070000004707,28.222200000072917,4.895899999610265,32.61580000025788,5.549499999688123,2.470648620991377e-09
40,51,0.39939999987836927,35.82570000025953,26.82200000026569,5.220399999871006,15.223800000057963,3.2787999998618034,1.1232424887447345e-09
40,52,0.25319999986095354,37.19460000002073,28.323700000328245,4.5886999996582745,15.028199999960634,3.2529000000067754,2.2512193069268595e-09
40,53,0.536399999873538,42.47859999986758,28.196199999911187,4.647600000225793,15.395400000215886,3.252599999996164,1.2814427876514797e-09
40,54,0.3896999996868544,37.50319999971907,27.890599999864207,4.433499999777268,14.420900000004622,3.173700000388635,5.734258994063516e-09
40,55,0.24440000015601981,39.310699999987264,28.480599999966216,4.299900000205525,16.804400000182795,3.264099999796599,2.5898334056147545e-09
40,56,0.3781999998864194,36.80279999980485,26.77739999990081,4.289299999982177,14.766799999961222,3.1745999999657215,1.0438230327897294e-09
40,57,0.32400000009147334,37.71899999992456,27.674500000102853,4.2907000001832785,14.75140000002284,3.6453999996410857,1.662283885946153e-09
40,58,0.3249000001233071,36.160000000108994,26.86500000027081,4.464599999664642,15.08319999993546,3.7149999998291605,1.0423297325268745e-09
40,59,0.2590000003692694,37.06090000014228,30.757699999867327,4.565800000364106,16.82200000004741,4.042100000333448,7.975913889670364e-10
40,60,0.319999999646825,43.65529999995488,36.993299999721785,4.54200000012861,14.61909999989075,3.280200000062905,4.261454858034433e-09
40,61,0.30390000029001385,37.53569999980755,26.867500000207656,4.254599999967468,14.509400000406458,3.200399999968795,1.6050406924311418e-09
40,62,0.3314999999020074,36.55720000006113,27.244899999914196,4.293200000120123,15.77610000003915,4.095499999948515,9.188626084429558e-10
40,63,0.4247000001669221,38.74629999972967,27.293299999655574,4.316999999900872,14.509499999803666,3.1964999998308485,2.4001003335987725e-09
40,64,0.33750000011423253,36.163500000384374,27.568599999995058,4.313899999942805,14.711299999817129,3.1837999999879685,1.5377025867994768e-09
40,65,0.26669999988371274,38.60870000016803,29.102400000283524,4.231899999922462,14.622900000176742,3.1985999999051273,9.087964782899148e-10
40,66,0.39669999978286796,42.053000000123575,27.05229999992298,4.4797999998991145,15.223099999730039,3.268200000093202,1.834651643057817e-09
40,67,0.27969999973720405,37.21980000000258,27.91319999960251,4.204299999855721,14.903199999935168,3.1797999999980675,1.1553762957349737e-09
40,68,0.41229999987990595,70.28539999964778,70.81250000010186,11.989399999947636,38.75849999985803,7.825900000170805,1.6490841743908693e-09
40,69,0.6096000001889479,67.99829999999929,35.460300000067946,4.390999999941414,19.748400000025867,7.0394999997915875,7.554801320059532e-10
40,70,0.4901000002064393,62.025500000345346,55.92830000023241,8.570500000132597,32.4150000001282,7.180499999776657,1.5603388364135812e-09
40,71,0.4741000002468354,53.485400000226946,37.00490000028367,4.823700000088138,17.171099999814032,5.373499999677733,1.201656426203245e-09
40,72,0.42419999999765423,47.85089999995762,30.84579999995185,5.042299999786337,15.74879999998302,4.266500000085216,1.3139080694003118e-09
40,73,0.32000000010157237,39.52830000025642,27.758599999742728,4.343200000221259,14.977700000144978,3.2680999997865,6.200562964428134e-10
40,74,0.287800000023708,35.716299999876355,26.52429999989181,4.496100000324077,14.567299999725947,4.40230000003794,1.7448413090906706e-09
40,75,0.3542999997989682,38.74180000002525,31.660800000281597,4.997600000024249,17.593399999896064,3.4476000000722706,1.4341473356032205e-09
40,76,0.3578999999263033,39.07339999977921,27.13790000007066,4.656699999941338,15.049899999667105,3.5868999998456275,8.032242675388455e-10
40,77,0.277399999959016,40.96010000012029,26.47560000013982,4.4978000000810425,14.427699999941979,3.2716000000618806,9.880511032814255e-10
40,78,0.2792000000226835,38.322599999901286,26.93409999983487,4.297099999803322,15.249300000050425,3.6291999999775726,3.967703390933585e-09
40,79,0.3073999996558996,38.39120000020557,29.944099999738683,5.238100000042323,15.287599999737722,3.392500000245491,1.4184394454240724e-09
40,80,0.3258000001551409,36.906400000134454,29.901000000336353,4.353700000137906,14.635900000030233,3.173300000071322,1.4767803509955756e-09
40,81,0.2887999999074964,34.72270000020217,30.084200000146666,4.7779999999875145,14.416199999686796,3.339700000196899,1.5387243732692147e-09
40,82,0.37500000007639755,36.144100000001345,27.10079999997106,4.413399999975809,14.386199999989913,3.3315000000584405,1.2084826538253722e-09
40,83,0.26380000008430216,36.96769999987737,26.888899999903515,4.239800000050309,14.45899999998801,3.185600000051636,7.972697713178439e-10
40,84,0.5072000003565336,37.24130000000514,27.312700000038603,4.225399999995716,15.127099999972415,3.168100000038976,8.361352633826047e-10
40,85,0.3165000002809393,41.50939999999537,31.833699999879173,5.103500000132044,15.65279999977065,4.118999999718653,9.820560396774855e-10
40,86,0.3950000000259024,41.071999999985565,30.08670000008351,4.516100000273582,14.875599999868427,3.2608999999865773,1.1619483486448918e-09
40,87,0.5492000000231201,37.557900000138034,29.67339999986507,4.381499999908556,16.913599999952567,4.834500000015396,6.238594019076675e-10
40,88,0.35630000002129236,46.700200000032055,28.175500000088505,5.1303999998708605,19.02749999999287,4.227999999784515,8.159038778709684e-10
40,89,0.37860000020373263,36.435700000311044,26.363299999957235,4.35879999986355,14.425700000174402,3.232800000205316,3.4906649083168485e-09
40,90,0.3561000003173831,49.436400000104186,27.49709999989136,4.253199999766366,15.634400000180904,3.5430000002634188,2.8524291147768756e-09
40,91,0.38180000001375447,37.154800000280375,27.49840000024051,4.564699999718869,15.952899999774672,3.4604000002218527,2.2108423580724383e-09
40,92,0.2703000000110478,35.783100000116974,26.62689999988288,4.23179999961576,14.685500000268803,3.3443000002080225,8.537253007187028e-10
40,93,0.2856999999494292,37.925600000107806,36.9897000000492,6.603300000278978,17.855499999768654,3.454599999713537,1.4376791102358117e-09
40,94,0.27750000026571797,38.851400000112335,30.66839999974036,5.681799999820214,16.584200000124838,3.27900000002046,1.0995383013688032e-09
40,95,0.3372000001036213,35.39290000026085,28.42899999996007,5.1552999998421,15.282200000001467,3.1751000001349894,8.865191155928964e-10
40,96,0.3056000000469794,37.828800000170304,26.730999999927008,5.018100000143022,16.578799999933835,3.2726999997976236,7.206872883688921e-10
40,97,0.45339999996940605,39.50139999960811,27.9884999999922,4.63099999979022,15.534500000285334,4.128200000195648,5.814521209783977e-10
40,98,0.25860000005195616,34.86700000030396,32.34949999978198,4.519600000094215,14.489300000150251,3.1902000000627595,3.811022684992427e-09
40,99,0.3102000000581029,40.07430000001477,27.832799999941926,4.342199999882723,15.989300000001094,3.2723999997870123,5.394061431794157e-10
44,0,0.3517000000101689,34.808000000339234,36.123700000189274,6.978499999604537,15.711199999714154,3.3202999998138694,7.9657337348758e-10
44,1,0.3821000000243657,36.77330000027723,27.386400000068534,4.232100000081118,14.482199999747536,3.2074000000648084,9.110601397566566e-10
44,2,0.34669999968173215,36.94489999998041,30.06359999972119,4.849399999784509,17.41989999982252,3.300899999885587,1.1640820720098234e-09
44,3,0.33759999996618717,40.200999999797205,30.467399999906775,4.482499999994616,17.26730000018506,4.185100000086095,7.339421738160463e-10
44,4,0.35160000015821424,39.59330000043337,27.49309999990146,4.355600000053528,14.863099999729457,3.584800000226096,1.853673335312587e-09
44,5,0.30839999999443535,37.72960000014791,28.073800000129268,4.193600000235165,14.38609999968321,3.202000000328553,8.60727405433591e-10
44,6,0.3446000000622007,38.44459999982064,31.384299999899667,6.0517000001709675,20.239500000116095,4.325699999753851,6.70870268418696e-10
44,7,0.4233999998177751,40.531600000122125,27.846800000133953,6.520200000068144,15.559899999971094,3.363199999967037,6.556165068534819e-10
44,8,0.2316999998583924,35.76089999978649,35.99480000002586,6.318899999769201,19.218500000079075,4.4860999996672035,7.225913530552067e-10
44,9,0.33579999990251963,39.41929999973581,32.70199999997203,4.811199999949167,15.011100000265287,3.2618999998703657,9.142881859258509e-10
44,10,0.5168000002413464,36.40219999988403,28.486400000019785,5.920399999922665,22.150299999793788,3.3835999997791077,9.133214147592857e-10
44,11,0.4887999998572923,40.5972000003203,41.18370000014693,6.76549999980125,29.640200000358163,9.25890000007712,1.2076434093219095e-09
44,12,0.8966000000327767,152.3152999998274,53.370300000096904,10.621400000218273,34.73359999998138,8.71179999967353,6.633140210885565e-10
44,13,0.42039999971166253,75.58979999976145,46.46469999988767,5.343099999663536,16.78749999973661,4.400299999815616,9.49578367570476e-10
44,14,0.5173000004106143,50.961500000084925,33.50430000000415,4.595299999891722,15.72649999980058,5.012000000078842,5.35351737417317e-10
44,15,0.5631999997603998,61.572999999953026,45.4978999996456,7.14239999979327,18.236099999739963,4.172700000253826,3.8103695507176654e-09
44,16,0.30839999999443535,44.51289999997243,30.48639999997249,4.678900000271824,15.50409999981639,3.398999999717489,7.761945115274704e-10
44,17,0.29739999990852084,47.883099999580736,33.09369999988121,6.179200000133278,23.618100000021514,7.068699999763339,7.775581539262489e-10
44,18,0.4540999998425832,68.62210000008417,35.416300000179035,6.1190999999780615,21.305000000211294,4.930000000058499,6.165658788640099e-10
44,19,0.670200000058685,62.40520000028482,51.06830000022455,8.258600000317529,19.415700000081415,3.3344000003125984,4.468571156605949e-09
44,20,0.2601999999569671,46.62289999987479,32.61149999980262,4.980299999715498,26.71360000022105,6.639400000040041,6.258213381609279e-10
44,21,0.6961000003684603,63.87850000010076,46.391899999889574,7.401000000299973,26.46649999996953,5.9144000001651875,9.279656956578199e-10
44,22,0.7117999998627056,54.98529999977109,37.497999999686726,6.114899999829504,21.100299999943672,4.423800000040501,1.3003904906010086e-09
44,23,0.43500000037965947,62.9015999998046,34.0860999999677,4.397199999857548,16.36240000016187,3.2726000004004163,5.894929059378337e-09
44,24,0.3828999997494975,44.74000000027445,28.81759999991118,4.507500000272557,14.980899999955,3.3431000001655775,1.115345046347391e-09
44,25,0.28580000025613117,52.292299999862735,36.72150000011243,4.377699999622564,15.68379999980607,3.4153000001424516,1.1982228506962637e-09
44,26,0.5199000001994136,40.84550000015952,31.297800000174902,4.608599999755825,14.77100000010978,3.2660000001669687,7.493203692523198e-10
44,27,0.32050000027084025,41.56109999985347,37.18570000000909,5.15289999975721,15.94489999979487,3.7455000001500593,1.728843798466232e-09
44,28,0.4741000002468354,45.26850000002014,30.96060000007128,5.325300000095012,20.91850000033446,4.745000000184518,2.0931854358546326e-09
44,29,0.3965999999309133,46.19279999997161,29.439000000365922,5.360099999961676,16.926699999658013,3.5859999998137937,3.4896047306534783e-09
44,30,0.5789000001641398,45.98519999990458,30.57970000008936,6.261499999709486,17.677899999853253,4.297799999676499,6.55076949348479e-10
44,31,0.44310000021141605,51.84589999998934,34.7209000001385,5.165299999589479,17.668899999989662,4.310199999963515,1.951232893577589e-09
44,32,0.7144000001062523,55.60809999997218,37.49340000013035,5.510599999979604,16.59239999980855,6.570300000021234,5.606730218108754e-10
44,33,0.23719999990134966,41.897299999618554,34.375599999748374,4.405000000133441,17.746299999998882,3.550400000221998,9.118359953951709e-09
44,34,0.4801999998562678,47.683799999958865,31.985900000108813,4.4082999997954175,15.251299999818002,3.2504000000699307,1.6613395809268157e-09
44,35,0.6207999999787717,61.80900000026668,27.049999999690044,4.305099999783124,14.945599999919068,3.376599999683094,1.4627857889079391e-09
44,36,0.4718000000139,43.03909999998723,28.677000000243424,4.529900000306952,14.94619999994029,3.355199999987235,8.499279475826653e-10
44,37,0.3535000000738364,53.058799999689654,37.235100000089005,9.502800000063871,23.3447000000524,6.337799999982963,2.3817555808856367e-09
44,38,0.28509999992820667,58.33230000007461,33.677999999781605,4.8142999999072345,17.149700000118173,3.69700000010198,5.737839073703944e-10
44,39,0.4980999997314939,46.64779999984603,32.9290999998193,5.065800000011222,18.117200000233424,3.7529999999605934,1.6469735681772094e-09
44,40,0.5519000001186214,53.82529999997132,30.88579999985086,5.387300000165851,18.16110000027038,4.7970999999051855,9.170930588251632e-10
44,41,0.45589999990625074,56.10609999985172,31.76320000011401,6.506100000024162,16.523400000096444,3.3532000002196582,5.763799122806489e-10
44,42,0.25109999978667474,48.24300000018411,36.2238000002435,4.788700000062818,14.99069999999847,3.5901999999623513,4.294189026794432e-09
44,43,0.6428000001506007,43.69829999996,27.08219999976791,4.271700000117562,14.482199999747536,3.2672000002094137,7.486801990286969e-10
44,44,0.30490000017380225,52.58270000012999,41.36259999995673,7.674800000131654,25.06249999987631,4.946000000018103,7.795346874121948e-10
44,45,0.32849999979589484,47.81090000005861,28.693299999758892,4.729300000235526,14.987800000199059,3.2615999998597545,1.0468112711488001e-09
44,46,0.5744999998569256,43.08149999997113,29.936000000361673,4.631400000107533,15.080900000157271,3.2853999996405037,4.340990693159767e-09
44,47,0.5807000002278073,47.07800000005591,29.272300000229734,4.773699999987002,19.954300000335934,4.6146999998200045,8.836229696310353e-10
44,48,0.3103000003648049,57.59119999993345,36.69519999994009,8.144999999785796,19.046099999741273,3.9482000001953566,1.1098864298540611e-09
44,49,0.855400000091322,46.81299999992916,32.06540000019231,4.9383999999008665,14.830500000243774,3.2605000001240114,5.566478030613045e-10
44,50,0.41849999979604036,46.1699000002227,29.400400000213267,4.828500000257918,18.761999999696855,4.240700000082143,2.771498709758415e-09
44,51,0.42980000034731347,48.28620000034789,28.904700000111916,4.366199999822129,14.878500000122585,3.2739999996920233,9.630033171147725e-10
44,52,0.8588999999119551,46.65070000010019,34.78689999974449,4.581799999868963,18.01260000002003,5.147500000020955,2.5176212716454363e-09
44,53,0.47769999991942313,45.172699999966426,30.880399999659858,6.231200000001991,17.076800000268122,3.361600000062026,4.121857927386334e-09
44,54,0.5955000001449662,48.04420000027676,33.23339999997188,4.380500000024767,18.986099999892758,4.520999999840569,1.404450838949173e-09
44,55,0.7676000000174099,44.921700000031706,30.723899999884452,5.27090000014141,16.999999999825377,4.1013999998540385,3.929472562620194e-09
44,56,0.5479999999806751,48.53589999993346,33.63330000001952,5.1548000001275796,18.580200000087643,4.900500000076136,7.506436375716199e-10
44,57,0.5956999998488754,46.00890000028812,31.10259999994014,5.7314999999107386,17.02419999992344,3.607600000123057,1.9589319549701596e-09
44,58,0.4833000002690824,45.23440000002665,36.80020000001605,6.28450000021985,29.266800000186777,6.71280000005936,6.558747134867264e-09
44,59,0.9146999996119121,60.45959999983097,30.72100000008504,4.7573000001648325,15.801399999872956,6.865699999707431,7.425384212540007e-10
44,60,0.5337000002327841,53.83689999962371,42.31680000020788,8.524700000180019,23.634099999981117,6.503000000066095,8.650949616676759e-10
44,61,0.5061000001660432,62.46480000027077,36.76210000003266,5.52719999996043,17.36429999982647,4.132300000037503,1.301061741883241e-09
44,62,0.7058000001052278,46.07380000015837,30.239200000323763,4.793699999936507,14.827500000137661,3.248299999995652,2.5032582068459897e-09
44,63,0.33440000015616533,48.506300000099145,33.108200000242505,4.437000000052649,15.298700000130339,3.249100000175531,6.701371251117164e-10
44,64,0.29540000014094403,49.58669999996346,34.779900000103225,5.238000000190368,15.095299999757117,3.2587999999122985,3.0166551854050937e-09
44,65,0.4785999999512569,48.7662000000455,32.4679999998807,5.409200000030978,22.03379999991739,5.143599999883008,1.0134390079457064e-09
44,66,0.48980000019582803,54.17140000008658,36.29479999972318,4.531000000042695,16.726399999697605,3.3590000002732268,7.172115735816289e-10
44,67,0.41999999984909664,45.301999999992404,30.503099999805272,5.2498000000014144,21.9398999997793,3.6742999996022263,5.609198498025452e-10
44,68,0.33159999975396204,45.70259999991322,40.788899999824935,8.333300000231247,24.349400000119203,6.0776000000259955,2.9438787639879765e-09
44,69,1.0777999996207654,46.845200000007026,29.313200000160577,4.385800000363815,15.141299999868352,3.4484000002521498,2.7936557652865586e-09
44,70,0.3828999997494975,45.392099999844504,35.613800000191986,4.479100000025937,15.362499999810098,3.47009999995862,9.160381081563561e-10
44,71,0.4397000002427376,46.07770000029632,29.804999999669235,4.340299999967101,18.049600000267674,6.385499999851163,1.2527802044755047e-09
44,72,0.5857000001014967,70.61539999995148,57.65269999983502,9.178899999824353,28.70359999997163,6.206999999903928,1.4785594681143531e-09
44,73,0.3235999997741601,52.7950000000601,32.38180000016655,8.620199999768374,27.475700000195502,4.245400000399968,7.3091411278939e-10
44,74,0.3426999996918312,45.48450000038429,30.254100000092876,5.462799999804702,16.65969999976369,3.534500000114349,1.299419124618522e-09
44,75,0.2632999999150343,53.92520000032164,40.659499999947,4.333500000029744,17.759100000148464,3.286600000137696,1.8477848856508842e-09
44,76,0.3604999997151026,46.349799999916286,30.180400000062946,4.62729999981093,14.90620000004128,3.377099999852362,1.0176973377201815e-09
44,77,0.29190000032031094,48.628200000166544,29.862299999876996,4.638099999738188,15.571999999792752,3.668500000003405,7.117420171204527e-10
44,78,0.2961999998660758,45.56279999997059,29.242000000067492,4.342100000030769,16.078799999831972,3.6773000001630862,1.1897085020232016e-09
44,79,0.42869999970207573,44.47010000012597,30.235700000048382,5.5268000000978645,15.322799999921699,3.2841000002008514,1.1124024892877004e-09
44,80,0.5879000000277301,45.19399999981033,29.267699999763863,4.378000000087923,15.680999999858614,3.2534000001760432,8.937799735695177e-10
44,81,0.6785000000490982,45.84290000002511,31.436199999916425,4.395500000100583,15.23300000008021,5.767499999819847,5.6724236433278e-10
44,82,0.5280000000311702,48.8892999997006,30.381800000213843,4.3759999998655985,19.07679999976608,3.776300000026822,8.43043728681268e-10
44,83,0.3854999999930442,47.78630000009798,29.685200000130862,4.534900000180642,14.83619999999064,3.889999999955762,9.208870006797942e-10
44,84,0.35720000005312613,45.681300000069314,27.91750000005777,4.359800000202085,14.718299999913143,3.56869999995979,7.533669670201565e-10
44,85,0.3870999998980551,43.9249999999447,31.961000000137574,4.394499999762047,15.13390000036452,3.400299999611889,1.1885507872440197e-09
44,86,0.28410000004441827,50.31030000009196,30.16509999997652,6.102100000134669,16.340000000127475,3.682500000195432,9.827348957798592e-10
44,87,0.7682999998905871,44.091999999636755,30.604000000039377,4.406500000186497,15.658300000268355,3.7704999999732536,4.809770995624747e-09
44,88,0.49890000036612037,43.87399999995978,30.564400000002934,4.376899999897432,15.735399999812216,3.2935999997789622,7.141682764390427e-10
44,89,0.340900000082911,50.068499999724736,28.79339999981312,4.452500000297732,14.952200000152516,3.2725000000937143,8.197193984300548e-10
44,90,0.326500000028318,42.806800000107614,28.56579999979658,4.5080999998390325,14.9410999997599,3.37760000002163,4.104836675658822e-09
44,91,0.39569999989907956,44.66930000035063,28.114300000197545,4.5380999999906635,14.912799999819981,3.2495999998900515,1.261902594447594e-09
44,92,0.31370000033348333,42.95010000032562,29.814799999712704,5.000400000426453,15.223400000195397,3.3530000000610016,1.0759740859091334e-09
44,93,0.5189999997128325,44.02849999996761,27.925300000333664,4.396700000143028,14.884100000017497,3.2986999999593536,5.937624685689439e-10
44,94,0.5709000001843378,57.760200000302575,29.827100000147766,5.183500000384811,17.65320000004067,3.6936000001333014,1.4868378933280157e-09
44,95,0.3513999999995576,44.07259999970847,29.526700000133133,4.497099999753118,15.171200000168028,3.296200000022509,6.748225483237308e-10
44,96,0.40930000022854074,43.446900000162714,28.862699999990582,4.363099999864062,15.218000000004395,3.3827999995992286,6.063504912298405e-10
44,97,0.4050000002280285,41.62929999984044,29.25920000006954,4.455199999938486,14.941799999633076,3.3794000000852975,4.233151474024953e-09
44,98,0.4434000002220273,44.74870000012743,28.4948000003169,4.555799999707233,15.157100000124046,3.287300000010873,7.802615582458186e-09
44,99,0.27219999992667,43.960100000276725,29.418000000077882,4.440100000010716,15.02810000010868,3.470300000117277,6.968043134698241e-10
48,0,0.948699999753444,45.31059999999343,35.258299999895826,4.824900000130583,15.37800000005518,3.480500000023312,1.3446426130713744e-09
48,1,0.4571999998006504,46.6722999999547,28.630899999825488,4.351900000074238,14.812399999755144,3.3009999997375417,8.352650361414146e-10
48,2,0.3790000000662985,45.1520999999957,29.70709999999599,4.800500000328611,14.88389999985884,3.2606999998279207,9.781321986913466e-10
48,3,0.4693000000770553,46.38870000007955,29.454099999838945,4.819700000098237,15.181499999926018,3.430700000080833,1.6595494225138379e-09
48,4,0.41030000011232914,43.30869999967035,28.43669999992926,4.7441000001526845,15.257000000019616,3.3946000003197696,1.1101967028742774e-09
48,5,0.3283999999439402,45.60019999962606,30.646799999885843,4.945800000314193,15.050499999688327,3.305700000055367,1.0815417264941799e-09
48,6,0.2672000000529806,44.014700000388984,29.268900000261056,4.579600000397477,15.633099999831757,3.388399999948888,6.062744071641387e-10
48,7,0.3326000000924978,49.83119999997143,46.52119999991555,5.188099999941187,15.101100000265433,3.5173999999642547,1.1801419580022648e-09
48,8,0.40100000023812754,43.6320999997406,29.379399999925226,4.556899999897723,15.815400000064983,3.359999999702268,1.8397087162593616e-09
48,9,0.31630000012228265,42.709800000011455,29.997499999808497,5.134900000030029,15.930200000184414,3.5708999998860236,1.0048547786535089e-09
48,10,0.2961999998660758,40.97309999997378,29.4079000000238,4.400199999963661,14.906099999734579,3.457799999978306,8.360170332971748e-10
48,11,0.4000999997515464,41.87670000010257,29.407599999558443,5.168400000002293,19.47969999991983,4.28250000004482,9.471489388382015e-10
48,12,0.6158999999570369,45.47110000021348,38.54630000023462,10.706000000027416,28.8009000000784,7.373799999641051,1.0131434800386691e-09
48,13,0.5245000002105371,70.0354000000516,35.9294999998383,5.01429999985703,17.802599999868107,5.047300000114774,7.879701593978134e-10
48,14,0.26170000001002336,40.37570000036794,31.849999999849388,5.050799999935407,19.612399999914487,3.2810999996399914,3.763824832027981e-09
48,15,0.4248999998708314,52.531400000134454,37.12530000029801,6.886699999995471,17.843600000105653,3.90449999986231,1.0068046796503312e-09
48,16,0.38540000014108955,49.95489999964775,42.381899999782036,6.188800000018091,18.574400000034075,3.3948999998756335,1.0248593690345212e-09
48,17,0.3918000002158806,45.11820000016087,33.38600000006409,5.3210000000945,19.642600000224775,3.3667000002424174,9.662533028794724e-10
48,18,0.32110000029206276,45.60440000022936,28.8857000000462,4.656000000068161,14.883499999996275,3.2624999998915882,5.3882385603069e-10
48,19,0.2693000001272594,47.087399999782065,28.59519999992699,4.791500000010274,16.451800000140793,4.191300000002229,8.8010928743031e-10
48,20,0.41980000014518737,45.58859999997367,29.082699999889883,4.3615999998110055,15.196399999695132,3.2780999999886262,1.5391460390001572e-09
48,21,0.3245000002607412,42.12340000003678,29.0580000000773,4.911399999855348,14.956299999994371,3.3775000001696753,7.414015722211786e-10
48,22,0.4874999999628926,43.28540000005887,34.94409999984782,4.618800000116607,18.38480000014897,3.407600000173261,7.665597957043709e-10
48,23,0.26979999984177994,45.152300000154355,32.351199999993696,5.180600000130653,15.535799999724986,3.3861000001707,8.759288543599259e-10
48,24,0.40010000020629377,42.61500000029628,30.246600000282342,4.521700000168494,15.384700000140583,3.2869000001483073,1.233735325923407e-09
48,25,0.7334000001719687,44.27049999958399,29.46590000010474,4.365199999938341,14.917900000000373,3.6019999997733976,2.081616828549139e-09
48,26,0.44489999982033623,45.61580000017784,32.72590000005948,4.793900000095164,15.683199999784847,3.3528999997542996,1.2407160823765906e-09
48,27,0.2558000001045002,44.05210000004445,33.75959999993938,5.006500000035885,16.673099999934493,3.865299999688432,7.370469929381518e-10
48,28,0.4629000000022643,64.49770000017452,55.00190000020666,8.257699999830947,28.112699999837787,4.632300000139367,1.4628277424987886e-09
48,29,0.9404000002177781,70.84359999998924,51.756400000158465,8.526999999958207,29.117199999745935,5.924999999933789,8.961569963161709e-10
48,30,0.4380000000310247,49.31189999979324,28.480400000262307,4.324500000166154,14.92710000002262,3.444599999966158,3.1936233601195934e-09
48,31,0.4164999995737162,47.26489999984551,30.399499999930413,5.611600000065664,15.174699999988661,3.348799999912444,9.295148438596511e-10
48,32,0.2839999997377163,43.81499999999505,29.996000000210188,5.203300000175659,14.755000000150176,3.5158999999111984,7.398585219474001e-10
48,33,0.3575000000637374,41.81739999967249,29.64509999992515,4.866499999934604,15.450500000042666,3.300899999885587,2.1037642618317866e-09
48,34,0.34469999991415534,42.96909999993659,29.99180000006163,4.625699999905919,15.359799999714596,3.9446000000680215,3.5452044805161353e-09
48,35,0.41920000012396486,49.79039999989254,29.47600000015882,4.467700000077457,15.278200000011566,3.2968000000437314,1.7020885303413873e-09
48,36,0.37329999986468465,40.93329999977868,27.917100000195205,4.629399999885209,15.115599999717233,3.3665999999357155,1.2741610373640012e-09
48,37,0.38719999975000974,44.60870000002615,31.615100000180973,5.076899999949092,17.10960000036721,3.5477999999784515,2.5656152261478047e-09
48,38,0.5679999999301799,44.14790000009816,28.736900000239984,4.476600000089093,14.92499999994834,3.5204000000703672,1.0149406563348302e-09
48,39,0.2555999999458436,41.8177999999898,27.833900000132417,4.598100000293925,14.64620000024297,3.5594000000855885,9.460739734170195e-10
48,40,0.23469999996450497,40.87440000012066,31.856300000072224,4.573100000015984,15.502800000376737,3.4706999999798427,8.753629341430766e-10
48,41,0.4890000000159489,41.95199999958277,30.96720000030473,4.3372999998609885,24.11290000009103,6.226800000149524,2.243179427892989e-09
48,42,0.6478999998762447,73.6587999999756,56.5734000001612,7.411000000047352,24.601000000075146,7.264200000008714,8.956831290077791e-10
48,43,1.1434999996708939,63.05079999992813,40.065099999992526,8.425800000168238,19.592800000282296,3.607500000271102,2.5302349256253438e-09
48,44,0.37479999991774093,50.1987999996345,42.295499999909225,6.637200000113808,23.587500000303407,6.272300000091491,1.9283668202466098e-09
48,45,0.49600000011196244,62.40400000024238,43.13430000001972,6.113100000220584,21.01940000011382,6.281899999976304,9.71749442859534e-10
48,46,1.3375000003179593,57.555499999580206,41.04029999962222,6.046900000001187,16.756399999849236,3.2822999996824365,7.708043086070713e-10
48,47,0.2503999999134976,44.252700000015466,29.72060000001875,4.976199999873643,14.943099999982223,3.7322000002859568,6.82580269126777e-10
48,48,0.6576000000677595,42.62269999981072,29.071299999941402,5.213200000071083,19.712599999820668,6.713399999625835,9.084949458434343e-10
48,49,0.3977000001214037,83.55490000030841,53.84890000004816,7.1259999999711,32.38450000026205,7.630299999618728,5.50045189660131e-09
48,50,0.7897000000411936,67.96699999995326,42.22489999983736,9.087899999940419,23.66310000024896,5.661500000314845,1.548100390166211e-09
48,51,0.4060000001118169,52.76659999981348,39.546099999824946,9.034600000177306,21.23570000003383,4.720800000086456,2.410975502293618e-09
48,52,0.47249999988707714,46.474899999793706,28.31240000023172,4.598399999849789,14.863100000184204,3.27659999993557,7.01537320403003e-10
48,53,0.34199999981865403,44.27290000012363,30.638400000043475,4.360899999937828,16.081999999641994,3.319699999792647,1.9361154139497925e-09
48,54,0.660899999729736,57.23499999976411,54.54520000012053,8.054599999923084,26.493099999697733,5.435800000213931,1.2163680498788832e-09
48,55,0.7170999997470062,56.509400000322785,32.68470000011803,4.973399999926187,17.371800000091753,3.8666999998895335,6.649511413925729e-10
48,56,0.6568000003426278,49.84139999987747,30.382700000245677,4.5223999995869235,15.061000000059721,3.260299999965355,2.1782274568891587e-09
48,57,0.2908999999817752,51.370199999837496,44.615799999974115,5.495000000337313,20.38009999978385,5.177699999876495,1.4668794044477996e-09
48,58,0.4772999996021099,46.415300000262505,27.70809999992707,4.601000000093336,14.708600000176375,3.6556000000018685,3.86275901042898e-09
48,59,0.4122000000279513,42.61399999995774,40.349699999751465,4.570000000057917,15.277299999979732,3.2734999999775027,1.1389876625605108e-09
48,60,0.4129999997530831,46.80519999965327,28.9228000001458,5.0163000000793545,14.89560000027268,3.4077000000252156,8.070935810802517e-10
48,61,0.613100000009581,43.55269999996381,28.75499999981912,4.381700000067212,15.136700000311976,3.264599999965867,1.324438799596443e-09
48,62,0.3105999999206688,55.73850000018865,42.05129999991186,4.765299999689887,16.398100000060367,3.539599999839993,8.301512950734567e-10
48,63,0.4155999999966298,52.335800000037125,30.34170000000813,4.396000000269851,14.906599999903847,3.2707999998820014,2.060634498142157e-09
48,64,0.42440000015631085,43.899900000269554,28.96099999998114,4.417999999986932,14.977799999996932,3.253800000038609,5.082357089553621e-10
48,65,0.6197000002430286,41.77599999957238,28.622599999835074,4.77729999965959,15.022999999928288,3.2971000000543427,4.102812369823411e-09
48,66,0.32869999995455146,43.05129999966084,28.029000000060478,4.424700000072335,15.039099999739847,3.28140000010535,9.860866440840407e-10
48,67,0.2806000002237852,43.169099999886384,30.758700000205863,5.987300000015239,19.135199999709585,3.7561999997706152,2.8109625238658865e-09
48,68,0.5323999998836371,42.813399999886315,28.102799999942363,4.418099999838887,14.935499999864987,3.278499999851192,1.5498935307362393e-09
48,69,0.7429000002048269,43.44139999966501,28.282100000069477,4.603499999575433,15.400899999804096,3.2608000001346227,7.99739360122917e-10
48,70,0.2636000003803929,44.42819999985659,28.707899999972142,4.862999999659223,14.975000000049477,3.4470999999030028,4.272575645218561e-09
48,71,0.5861999998160172,41.374999999789,28.395000000273285,4.707999999936874,14.803099999880942,3.975399999944784,9.807089799897994e-10
48,72,0.2556999997977982,42.88840000026539,29.046699999980774,4.44759999982125,15.11129999971672,3.3133999995698105,7.281792275998359e-10
48,73,0.27780000027632923,45.67129999986719,28.795800000352756,4.788300000200252,14.774100000067847,3.3570999999028572,7.897213958855301e-10
48,74,0.6315999999060296,46.790600000349514,28.005600000142294,4.327200000261655,15.169600000263017,3.2610000002932793,1.0089827137337399e-09
48,75,0.2567999999882886,43.22980000006282,31.412400000135676,5.028099999890401,15.112600000065868,3.3014999999068095,1.820611497957629e-09
48,76,0.2578000003268244,46.46560000037425,30.05959999973129,5.963399999927788,15.818899999885616,3.9588999998159125,1.0492855021369576e-09
48,77,0.7083999998940271,44.00949999990189,28.943899999831046,4.548699999759265,15.077300000029936,3.7677000000257976,1.5964989345252506e-09
48,78,0.47349999977086554,45.99390000021231,29.93560000004436,4.611400000158028,15.266500000052474,3.2839000000421947,1.0011537373273113e-09
48,79,0.5135000001246226,41.81669999979931,29.602400000385387,4.759899999953632,15.06229999995412,3.554299999905197,6.472526468842656e-09
48,80,0.4275999999663327,42.69360000034794,29.864900000120542,5.071400000360882,16.63299999972878,4.1169999999510765,3.081456810791642e-09
48,81,0.8173999999598891,51.40900000014881,29.346600000280887,4.6365999996851315,14.965400000164664,3.263799999785988,7.492699220336137e-10
48,82,0.30550000019502477,39.959799999905954,27.87560000024314,4.349799999999959,16.021099999761645,3.330200000164041,5.286226133690678e-10
48,83,0.4576999999699183,45.08690000011484,27.6413000001412,4.419699999743898,14.380000000073778,3.595499999846652,7.39751334982471e-10
48,84,0.2507000003788562,44.76879999992889,27.967200000148296,4.4993999999860534,15.157299999827956,3.2888000000639295,1.1038951426536704e-09
48,85,0.35370000023249304,45.67850000012186,39.097899999887886,6.463200000325742,23.20919999965554,5.588500000158092,1.322484722204652e-09
48,86,0.7172000000537082,72.13959999990038,50.92849999982718,7.737499999620923,27.153800000178308,4.1622000003371795,6.20512805425164e-10
48,87,0.5326000000422937,48.213399999895046,32.353000000057364,5.107200000111334,16.404500000135158,3.467000000000553,7.920924406280057e-10
48,88,0.4761000000144122,44.03820000015912,28.182700000343175,4.6327000000019325,15.559599999960483,3.879800000049727,2.3749071344292216e-09
48,89,0.2997999999934109,42.85289999961606,28.628000000026077,4.438999999820226,15.350699999999051,3.2943999999588414,5.9410743256929385e-09
48,90,0.47360000007756753,43.10480000003736,28.468299999985902,4.535200000191253,14.972800000123243,3.3305999995718594,6.683319906299198e-10
48,91,0.31519999993179226,41.464799999630486,28.59360000002198,4.422500000146101,14.929700000266166,3.3542000001034467,7.269821574075175e-10
48,92,0.9359999999105639,44.03959999990548,32.17739999990954,5.03789999993387,15.30929999989894,4.9890999998751795,2.042699315731797e-09
48,93,0.3679000001284294,70.9551999998439,63.94690000024639,10.209000000031665,32.15900000031979,5.325399999946967,9.342607931196815e-10
48,94,1.073299999916344,61.446300000170595,38.22600000012244,8.052200000292942,20.543300000099407,4.1015000001607405,6.256274442462411e-10
48,95,0.39060000017343555,48.3726000002207,33.42490000022735,4.861100000198348,19.265599999926053,3.455900000062684,1.1550733512526028e-09
48,96,0.3073999996558996,45.724199999767734,28.92589999964912,4.709399999683228,16.108900000290305,3.608600000006845,5.741272497519837e-09
48,97,0.39120000019465806,45.45750000033877,42.967399999724876,5.967100000361825,27.86100000002989,4.037700000026234,8.764346190434734e-10
48,98,0.5496999997376406,61.43790000032823,43.5352999998031,5.733799999688927,23.085599999831175,6.993899999997666,1.7224349692093467e-09
48,99,0.5506000002242217,44.640699999945355,28.009599999677448,4.396000000269851,15.178199999809294,3.286099999968428,2.863541613193991e-09
52,0,0.3652000000329281,42.90560000026744,37.71099999994476,4.476399999930436,16.475899999932153,3.2738999998400686,1.0575504336544413e-09
52,1,0.2690999999686028,47.26089999985561,32.884500000363914,5.607600000075763,16.036799999710638,3.3028000002559565,1.274302830559927e-09
52,2,0.4957000001013512,47.2991000001457,34.211900000173046,6.898799999817129,15.64639999969586,3.3499000001029344,6.244163775347132e-10
52,3,0.34490000007281196,43.95100000010643,28.26020000020435,5.166100000224105,15.250700000251527,3.4007999997811567,5.848547954025777e-10
52,4,0.4040999997414474,43.12630000003992,28.563500000018394,4.456799999843497,14.864499999930558,3.2876000000214844,6.270427126509681e-09
52,5,0.2958000000035099,44.487300000128016,27.88539999983186,5.234999999629508,15.911999999843829,3.6866999998892425,3.430900178535276e-09
52,6,0.5851000000802742,45.75810000005731,29.39360000027591,4.924000000301021,14.9861999998393,3.2773999996607017,1.1462644134698789e-09
52,7,0.5977999999231542,41.95630000003803,30.682500000239088,4.582999999911408,14.75590000018201,3.299699999843142,3.393962657207785e-09
52,8,0.2776000001176726,45.058899999730784,28.4444000003532,4.438800000116316,14.967199999773584,3.3090999995692982,1.5827173587604081e-09
52,9,0.32959999998638523,41.15159999992102,28.696800000034273,4.330599999775586,15.564199999971606,3.2851000000846398,8.919336290064991e-10
52,10,0.3546000002643268,43.86720000002242,29.274600000007922,5.076999999801046,19.333500000357162,4.251400000157446,2.749408393341922e-09
52,11,0.44899999966219184,41.93679999980304,29.080099999646336,4.375699999854987,16.078900000138674,3.319299999930081,7.076163379051193e-10
52,12,0.3928999999516236,43.61939999989772,28.976500000226224,4.511099999945145,15.990200000032928,4.3905000002268935,8.962352293581074e-10
52,13,0.6064999997761333,43.36119999970833,28.59370000032868,4.326600000240433,15.495999999984633,3.4221000000798085,1.4940142648085955e-09
52,14,0.4366000002846704,43.79930000004606,28.69060000011814,4.360400000223308,15.088200000263896,3.3281999999417167,3.1959398756508906e-09
52,15,0.80870000010691,41.636299999936455,37.4323999999433,7.426500000292435,19.49880000029225,3.276700000242272,8.663882641800762e-10
52,16,0.3679000001284294,43.95590000012817,28.720099999645754,4.533600000286242,15.100499999789463,3.316600000289327,4.288221847382257e-09
52,17,0.3453000003901252,54.63499999996202,33.48930000038308,5.377600000429084,17.65109999996639,4.609999999956926,1.0267652256428512e-09
52,18,0.5494000001817767,43.717300000025716,28.14360000002125,4.831599999761238,14.79749999998603,3.297299999758252,6.939827851723372e-10
52,19,0.32710000004954054,43.422499999905995,28.261899999961315,4.322799999954441,17.173100000036357,3.396400000383437,7.00399859391026e-10
52,20,0.3739999997378618,39.665400000103546,30.928600000152073,5.324199999904522,15.726999999969848,3.3082999998441665,1.297401884042096e-09
52,21,0.28199999997013947,40.3414000002158,28.213599999617145,4.5020000002296,15.208499999971536,3.3953000001929468,6.854153072667479e-10
52,22,0.4297000000406115,45.940799999698356,28.38900000006106,4.475700000057259,14.977299999827665,3.2771999999567925,8.03846061598033e-10
52,23,0.5004999998163839,43.58460000003106,28.30790000007255,4.586699999890698,14.828200000010838,3.4061000001202046,1.1071563581351937e-09
52,24,0.39759999981470173,40.88019999971948,30.511899999964953,4.463699999632809,15.229899999667396,3.466200000275421,7.850083659888088e-10
52,25,0.32210000017585116,42.12350000034348,33.883699999933015,7.299399999737943,25.10310000025129,5.069199999979901,1.0149084953601267e-09
52,26,0.5516000001080101,56.17609999990236,38.018799999917974,5.465100000037637,22.066499999709777,4.744700000173907,8.488946332782516e-10
52,27,0.6306000000222411,48.38119999976698,30.005699999946955,4.377699999622564,15.652000000045518,3.279500000189728,1.1108707403666072e-09
52,28,0.3553999999894586,44.08899999998539,29.228999999759253,5.330700000286015,20.52830000002359,5.334399999810557,1.0147312691183497e-09
52,29,0.4739000000881788,47.563500000251224,37.43299999996452,6.523300000026211,20.291599999836762,3.9369999999507854,3.983865826047795e-09
52,30,0.41499999997540726,46.23710000032588,38.48139999990963,7.089199999882112,28.029200000219134,7.038400000055844,8.614402963672179e-10
52,31,0.46530000008715433,80.1950999998553,46.19400000001406,5.64940000003844,19.658799999888288,4.124699999920267,2.3166691567966897e-09
52,32,0.37909999991825316,52.73450000004232,42.47670000040671,7.69399999990128,26.622600000337115,5.9857999999621825,7.927566007408395e-10
52,33,0.4007000002275163,60.55309999965175,39.467099999910715,8.49289999996472,20.122599999922386,4.6714000000065425,4.348277350322542e-09
52,34,0.48480000032213866,69.62019999991753,51.92609999994602,8.929000000080123,27.443399999810936,8.156399999734276,2.3759922101707267e-09
52,35,0.49200000012206146,51.56200000010358,33.49180000031993,5.255200000192417,18.764399999781745,5.12319999961619,7.566752953154755e-10
52,36,0.32010000040827435,62.2812999999951,61.28900000021531,6.915299999946001,23.580300000048737,4.286500000034721,5.137244398121558e-10
52,37,0.6883999999445223,47.32869999998002,31.668399999944086,5.50969999994777,14.965299999857962,3.947499999867432,2.249769891415099e-09
52,38,0.29020000010859803,44.16330000003654,30.168099999627884,5.133900000146241,14.798200000313955,3.3596000002944493,3.265477101226983e-09
52,39,0.4200999997010513,44.69830000016373,31.379699999888544,7.729699999799777,27.106000000003405,5.522100000234786,1.2280188542574596e-09
52,40,1.1297000000922708,77.89539999976114,62.75019999975484,9.628900000279828,25.370500000008178,4.79410000025382,9.484525075758876e-10
52,41,0.39060000017343555,42.32559999991281,29.654200000095443,4.769600000145147,15.279800000371324,3.5327000000506814,9.667543365140445e-10
52,42,0.2598999999463558,40.93300000022282,29.86959999998362,4.476699999941047,15.839299999697687,4.046900000048481,2.2518808601226274e-09
52,43,0.3283999999439402,45.528099999955884,30.141700000058336,4.763999999795487,15.26289999992514,3.994300000158546,4.35195194044698e-09
52,44,0.4512000000431726,53.179699999873264,46.89860000007684,10.025900000073307,31.053499999870837,6.892600000355742,7.013090597732488e-10
52,45,0.31530000023849425,71.55069999998886,55.494700000053854,9.419500000149128,30.357800000274437,8.106199999929231,6.772544308435207e-10
52,46,0.382400000034977,73.05519999999888,43.429399999695306,7.7289999999266,19.66390000006868,4.83280000025843,6.098377250965188e-09
52,47,0.29359999962252914,43.865699999969365,28.291900000112946,4.34480000012627,15.920899999855465,4.286800000045332,9.245264478702374e-10
52,48,0.4600000002028537,47.63420000017504,29.2661000003136,4.868399999850226,15.202300000055402,3.275000000030559,8.376840350382923e-10
52,49,0.4008000000794709,43.88889999972889,28.249700000287703,4.376200000024255,15.624099999968166,3.9338000001407636,5.4716542963524e-09
52,50,0.3845000001092558,44.751800000085495,29.196299999966868,4.311899999720481,15.136400000301364,3.3775000001696753,2.7160645281745265e-09
52,51,0.43210000012550154,46.13859999972192,33.93800000003466,4.374699999971199,16.636800000014773,3.456599999935861,8.186693860950778e-10
52,52,0.3768000001400651,41.67940000024828,37.81509999998889,5.103099999814731,15.193400000043766,3.481299999748444,8.829118710600314e-10
52,53,0.4306999999243999,44.88949999995384,30.92719999995097,4.4044000001122185,15.793399999893154,3.2627999999021995,2.237305355236079e-09
52,54,0.5592000002252462,65.62829999984388,28.58509999987291,4.336599999987811,15.001800000391086,3.465000000232976,1.715564626720274e-09
52,55,0.41030000011232914,43.11900000038804,29.621200000292447,4.890799999884621,14.977400000134367,3.731700000116689,5.820872140104406e-09
52,56,0.32349999992220546,41.78150000007008,29.512199999771838,4.88919999997961,15.423999999711668,3.31529999994018,2.291030325288999e-09
52,57,0.38679999988744385,42.783200000030774,30.512199999975564,4.594299999553186,15.006699999958073,3.3790000002227316,7.301096641372276e-10
52,58,0.4447999999683816,43.75759999993534,29.19949999977689,4.350499999873136,15.119600000161881,4.27639999998064,1.4604361430306722e-09
52,59,0.2988999999615771,43.54890000013256,36.930600000232516,4.386300000078336,15.113199999632343,3.2787999998618034,5.163394052995609e-09
52,60,0.5873000000065076,51.701999999750115,28.93979999998919,4.39749999986816,14.856400000098802,3.72960000004241,7.449141978421916e-10
52,61,0.3661999999167165,43.27439999997296,30.880400000114605,4.42940000039016,17.474000000220258,3.841400000055728,7.844178449166888e-10
52,62,0.6163999996715575,45.34890000013547,42.73890000013125,8.094599999822094,18.037199999980658,4.673399999774119,1.244021420472001e-09
52,63,0.6793999996261846,44.84749999983251,29.059099999813043,4.5235999996293685,17.5200999997287,4.058299999996962,7.612849298155606e-10
52,64,0.46900000006644404,46.02119999981369,30.785299999934068,4.882400000042253,18.08260000007067,8.85950000019875,2.0421989470426216e-09
52,65,0.3449999999247666,41.589099999782775,27.905200000077457,4.873500000030617,16.966499999853113,4.3358000002626795,1.3259916911903693e-09
52,66,0.33560000019861036,45.10500000014872,30.61829999978727,5.49829999999929,15.307699999993929,3.256200000123499,1.7200730083931911e-09
52,67,0.5205000002206361,41.47530000000188,30.858699999953387,4.258700000264071,14.808699999775854,3.316499999982625,1.6986630114680677e-09
52,68,0.428999999712687,42.44410000001153,29.55519999977696,4.391299999952025,17.06110000031913,3.2799000000522938,2.1966031907432185e-09
52,69,0.5903000001126202,46.570599999995466,30.499600000439386,4.830100000162929,16.01540000001478,3.764300000057119,1.2997444167769178e-09
52,70,0.4061999998157262,45.492100000046776,28.851900000063324,5.13649999993504,14.908200000263605,3.3632999998189916,2.525688580197466e-09
52,71,0.430300000061834,45.81310000003214,29.41400000008798,5.133799999839539,15.926799999760988,3.7583999996968487,3.077413860961973e-09
52,72,0.5706000001737266,51.92869999973482,34.14939999993294,5.018599999857543,16.109200000300916,3.2762999999249587,6.545508338429694e-10
52,73,0.2791000001707289,43.173400000341644,29.825399999936053,4.489099999773316,14.885699999922508,3.8883000001987966,9.493622390514806e-10
52,74,0.5418999999164953,48.78000000007887,29.935199999727047,4.389200000332494,15.246200000092358,3.3809999999903084,1.2316603151658703e-09
52,75,0.5682999999407912,43.138099999850965,28.146099999958096,4.4681999997919775,16.51720000018031,4.171499999756634,1.5227227913251435e-09
52,76,0.25600000026315683,42.98019999987446,27.861699999903067,4.468800000267947,15.42650000010326,3.2433000001219625,7.45096140781098e-10
52,77,0.352399999883346,46.70450000003257,29.811200000040117,4.38350000013088,15.8331000002363,3.4721000001809443,1.210885657802875e-09
52,78,0.5332000000635162,48.3793000003061,33.16430000040782,4.518800000369083,15.003400000296097,3.277400000115449,7.776080791699914e-10
52,79,0.41079999982684967,49.379400000361784,28.895599999941624,4.454599999917264,17.750900000010006,3.4339999997428095,5.184448323207608e-09
52,80,0.5527999996957078,42.71040000003268,28.830400000060763,4.401800000323419,14.781899999888992,3.2954999996945844,8.110190761297088e-10
52,81,0.37400000019260915,45.244500000080734,30.48060000037367,4.990899999938847,21.65500000000975,4.382199999781733,9.856046286133663e-10
52,82,0.2917000001616543,45.33289999972112,30.50009999969916,5.452000000332191,18.075799999678566,3.2992000001286215,2.3807976897380333e-09
52,83,0.4472999999052263,46.40349999999671,29.274399999849265,4.549799999949755,14.976299999943876,3.266800000346848,1.10969267432982e-09
52,84,0.3897999999935564,42.36060000039288,28.838599999744474,4.427999999734311,16.09900000039488,3.7319000002753455,1.4352170758656299e-09
52,85,0.4248999998708314,43.18340000008902,29.827500000010332,4.376099999717553,15.12430000002496,3.333699999984674,6.89190137860614e-10
52,86,0.2915000000029977,45.79460000013569,29.347000000143453,5.33369999993738,15.314199999920675,3.4411999999974796,8.217260604032974e-10
52,87,0.46309999970617355,46.32869999977629,32.95990000015081,5.165999999917403,16.55990000017482,3.3186999999088584,5.945366385990524e-10
52,88,0.7560000003650202,43.86700000031851,29.084099999636237,5.949899999905028,15.74090000030992,3.557099999852653,3.285942370832645e-09
52,89,0.42929999972329824,43.190299999878334,28.851200000190147,4.455799999959709,15.397499999835418,4.484400000364985,1.3331314530862547e-09
52,90,0.28890000021419837,61.819200000172714,57.19300000009753,6.100300000071002,21.915499999977328,4.90300000001298,1.7334924115367134e-09
52,91,0.47289999974964303,43.33370000040304,32.37399999989066,4.363899999589194,15.324699999837321,3.3084000001508684,1.147128579519828e-09
52,92,0.5415000000539294,52.56460000009611,31.77140000025247,5.657300000166288,17.147399999885238,3.3334999998260173,7.185339673378821e-10
52,93,0.3713999999490625,53.50189999990107,32.049999999799184,4.385700000057113,15.925199999855977,3.4752000001390115,7.755343256606919e-10
52,94,0.7525999999415944,47.01629999999568,31.270799999674637,4.507399999965855,15.238200000112556,3.5686000001078355,5.939144496738065e-10
52,95,0.4430999997566687,49.13559999977224,28.582299999925453,4.631400000107533,15.742099999897619,4.754499999762629,7.1466457990447295e-09
52,96,0.4262999996171857,45.28099999970436,33.79900000027192,6.79569999965679,17.244300000129442,3.9974000001166132,6.218538486878629e-10
52,97,0.67140000010113,50.503999999818916,29.741399999693385,4.829599999993661,14.895100000103412,3.494900000077905,6.322896761551257e-10
52,98,0.2741000002970395,43.81039999998393,30.405200000132027,5.917500000123255,24.55439999994269,4.679900000155612,1.1432781240793319e-09
52,99,0.6573000000571483,47.376900000017486,41.956499999741936,7.05340000013166,21.665099999609083,4.342700000051991,8.907498056904598e-10
56,0,0.4580999998324842,68.1669000000511,49.854899999900226,4.925799999909941,15.723200000138604,4.913700000088284,1.1249133371438396e-09
56,1,0.3845000001092558,49.34300000013536,30.881700000009005,8.626900000308524,25.791900000058376,4.39009999990958,3.265564065741405e-09
56,2,0.38719999975000974,47.29750000024069,38.77650000003996,4.544299999906798,15.894699999989825,3.6715999999614723,1.80310171370703e-09
56,3,1.3149999999768625,46.8326000000161,33.21120000009614,6.996399999934511,15.41189999989001,3.4339999997428095,9.361838473360991e-10
56,4,0.43330000016794656,49.42109999956301,35.57719999980691,6.2114000002111425,16.735499999867898,3.324799999973038,7.513015117206271e-10
56,5,0.4965000002812303,43.24399999995876,29.568299999937153,4.3995999999424384,15.058099999805563,3.4787999998115993,7.941653553862607e-10
56,6,0.25899999991452205,40.11399999990317,27.314899999964837,4.511300000103802,14.879400000154419,3.308199999992212,6.90211321980918e-10
56,7,0.3994999997303239,43.733200000133365,31.90679999988788,5.12620000017705,14.867800000047282,5.051699999967241,1.032836093041795e-09
56,8,0.29339999991861987,45.90120000011666,29.887799999869458,4.496199999721284,21.655900000041584,5.68810000004305,1.1116251918824475e-09
56,9,0.25689999984024325,46.499799999764946,32.39099999973405,4.394500000216794,16.398600000229635,3.3200999996552127,1.4923149345526263e-09
56,10,0.44040000011591474,47.65529999986029,29.62230000002819,4.661999999825639,14.965700000175275,3.846499999781372,5.307418608937069e-09
56,11,0.25889999960782006,42.81330000003436,30.42150000010224,4.8284000004059635,15.703999999914231,3.645299999789131,1.1133064824049832e-09
56,12,0.32620000001770677,59.24770000001445,41.30810000015117,8.078999999725056,23.033999999825028,3.539899999850604,7.376313328849508e-10
56,13,0.4517999996096478,50.27599999993981,34.153000000060274,5.513500000233762,18.56099999986327,4.199299999982031,5.488327226586054e-09
56,14,0.6041000001459906,47.928500000125496,34.525699999903736,6.568199999946955,24.059700000179873,4.773900000145659,6.285357478863154e-10
56,15,0.3160000001116714,50.17249999991691,37.73739999996906,7.172000000082335,15.241899999637099,3.7769999998999992,1.6652922804653155e-09
56,16,0.418699999954697,45.78300000002855,30.959400000028836,5.759000000125525,20.39969999987079,6.184299999858922,1.1434270729273178e-09
56,17,0.37949999978081905,51.77980000007665,33.26640000022962,8.933800000249903,32.671899999968446,9.83959999985018,4.024396566068974e-09
56,18,0.986300000022311,87.242999999944,44.914499999777036,9.005600000364211,27.367099999992206,6.475200000295445,7.370490942000934e-10
56,19,0.5556999999498657,90.53080000012415,66.16769999982353,10.638900000230933,28.318899999703717,7.164399999965099,8.033120085019581e-10
56,20,0.5027000001973647,62.849200000073324,45.033500000045024,7.149499999741238,21.860500000002503,8.034300000417716,1.3045872911931473e-09
56,21,0.30030000016267877,56.217600000309176,51.166400000056456,8.193699999992532,37.326000000120985,7.569299999886425,2.8479319261464875e-09
56,22,0.44759999991583754,74.66130000011617,42.97470000028625,4.728100000193081,17.448099999910482,4.181899999821326,3.2915034315983444e-09
56,23,0.5062000000179978,43.55160000022806,35.719699999845034,6.47079999998823,20.332800000232965,5.485000000135187,6.114707574745043e-10
56,24,0.5071000000498316,53.24570000038875,42.49840000011318,7.8714000001127715,21.712400000069465,3.5674000000653905,1.2083843813077514e-09
56,25,0.7904999997663253,68.10560000030819,60.54180000000997,9.282099999836646,33.855099999982485,8.709499999895343,9.56720449474695e-10
56,26,0.7869999999456923,59.667500000159635,28.51779999991777,4.9954999999499705,16.064899999946647,4.10470000042551,1.7219292814815696e-09
56,27,0.38349999977072,45.77310000013313,64.7492000002785,12.517399999978807,27.864900000167836,8.021699999972043,2.5286052360113573e-09
56,28,0.6438000000343891,56.54060000006211,31.97550000004412,5.025299999942945,16.688499999872874,3.7847000003239373,1.9670395866950184e-09
56,29,0.5438999996840721,51.62910000035481,28.61159999974916,6.927200000063749,15.847600000142847,3.4752000001390115,8.05588254843752e-09
56,30,0.4048000000693719,46.015800000077434,45.41169999993144,7.982299999639508,31.227700000272307,9.045399999649817,1.6638802822395905e-09
56,31,9.448799999972834,105.28009999961796,54.29279999998471,11.235400000259688,35.1516000000629,8.683400000336405,1.4549611485820942e-09
56,32,0.6704000002173416,72.3150999997415,35.82509999978356,5.646399999932328,16.78650000030757,3.3210999999937485,6.639497479029585e-10
56,33,0.331700000060664,49.56170000014026,29.892000000018015,4.762300000038522,15.251199999966047,3.3437000001868,1.0111408991647763e-09
56,34,0.8185000001503795,43.836199999987,30.834999999569845,4.785699999956705,16.062500000316504,3.7738000000899774,1.0200655595427538e-09
56,35,0.33839999969131895,51.92469999974492,32.87719999980254,5.111700000270503,18.76910000009957,4.0791999999783,7.359407506671442e-10
56,36,0.36399999999048305,41.59049999998388,29.874300000301446,5.427799999779381,15.76999999997497,3.2778999998299696,1.5786793986442216e-09
56,37,0.3859000003103574,42.31970000000729,30.56590000005599,5.878399999801331,16.58450000013545,3.2910999998421175,6.36631724010626e-10
56,38,0.35749999960899004,49.4143000000804,29.279400000177702,4.4280000001890585,16.56619999994291,3.6832000000686094,1.0965157109419264e-08
56,39,0.4465000001800945,43.762299999798415,27.831000000333006,4.737400000067282,14.993499999945925,3.7441999998009123,1.7420110276349133e-09
56,40,0.3222000000278058,40.01800000014555,28.85599999990518,4.2334999998274725,15.008400000169786,3.2858999998097715,2.8911923136154923e-09
56,41,0.2747999997154693,44.72070000019812,28.34579999989728,4.368600000361766,14.869500000258995,3.415200000290497,4.925724695472778e-09
56,42,0.32329999976354884,49.87100000016653,35.89330000022528,6.988099999944097,21.1938000002192,4.906499999833613,1.406515768956943e-09
56,43,0.2930999999080086,51.114399999732996,29.175300000133575,4.5006000000284985,15.264800000295509,3.293799999937619,8.862151157952662e-10
56,44,0.34779999987222254,41.70560000011392,28.7570999998934,4.492900000059308,14.908499999819469,3.3103000000664906,5.46297292041476e-10
56,45,0.5655999998452899,45.52269999976488,28.401099999882717,4.361499999959051,16.078900000138674,3.477000000202679,1.3451169589688448e-09
56,46,0.5218000001150358,43.52680000010878,34.87710000035804,4.567599999973027,15.070899999955145,3.3782000000428525,5.684864865146837e-10
56,47,0.3630999999586493,48.90479999994568,30.74349999997139,4.458000000340689,21.491599999990285,6.4067999996950675,3.984355482719564e-09
56,48,0.31730000000607106,65.59530000004088,54.17910000005577,9.335400000054506,27.44619999975839,6.623499999932392,9.896049853649688e-09
56,49,0.8924000003389665,55.03499999986161,31.49249999978565,4.8812999998517625,15.613500000199565,3.2806999997774255,6.201186881393299e-10
56,50,0.4051999999319378,45.61700000022029,31.60359999992579,7.07159999956275,23.595200000272598,5.967199999759032,5.820640349311205e-10
56,51,0.2558000001045002,42.92870000017501,39.51569999981075,6.659099999978935,20.102000000406406,4.841100000248844,6.633481696538827e-10
56,52,0.31519999993179226,60.0139000002855,40.9813999999642,6.3485999999102205,20.20429999993212,5.325399999946967,1.7322523441313746e-09
56,53,0.325299999985873,61.73829999988811,56.753000000298925,10.165099999994709,27.151300000241463,7.878200000050128,1.819193568612329e-09
56,54,0.9388999997099745,76.88680000001114,57.073700000273675,7.475299999896379,27.93889999975363,6.821199999649252,6.039806129670909e-09
56,55,0.5529999998543644,51.80310000014288,32.49499999992622,4.708299999947485,17.58739999968384,4.9566999996386585,3.3446999080892625e-09
56,56,0.37150000025576446,44.27339999983815,34.79890000016894,4.415800000060699,17.118499999924097,3.330200000164041,8.60842810237967e-10
56,57,0.3209999999853608,48.898600000029546,46.9703999997364,5.760499999723834,21.480800000063027,4.314499999964028,7.825069855009854e-10
56,58,0.5397999998422165,50.49550000012459,40.5561000002308,5.7094999997389095,24.590599999555707,4.948899999817513,6.035164454289432e-10
56,59,0.6903999997120991,48.91700000007404,33.23590000036347,4.802699999800097,17.788999999993393,3.3329999996567494,8.278226607878457e-10
56,60,0.2712999998948362,47.12770000014643,40.239500000097905,6.9073999998181534,20.431899999948655,3.385999999863998,6.739918961303022e-10
56,61,0.6459999999606225,49.60029999983817,35.28379999988829,7.335600000260456,21.13839999992706,5.029300000387593,2.1171298922246653e-09
56,62,0.34490000007281196,45.508199999858334,32.47669999973368,5.101200000353856,15.115700000023935,3.312100000130158,8.912122224761673e-10
56,63,0.751600000057806,42.73979999970834,30.529599999681523,4.654800000025716,16.318000000410393,3.459500000190019,1.5623841681664846e-09
56,64,0.6497999997918669,43.82519999990109,28.86770000031902,5.106500000238157,15.539999999873544,3.463800000190531,2.278988834678242e-09
56,65,0.6644999998570711,51.79180000004635,30.776200000218523,5.3131000004214,15.946400000302674,3.333699999984674,1.5226722736292835e-09
56,66,0.7646000003660447,49.97559999992518,30.386899999939487,5.563799999890762,16.753699999753735,3.8467999997919833,9.590710954092128e-10
56,67,0.4226000000926433,46.274300000277435,30.42039999991175,4.387199999655422,15.068000000155735,3.310099999907834,7.926298259838977e-10
56,68,0.3793000000769098,46.33379999995668,32.87959999988743,6.479699999999866,17.227299999831303,3.523199999563076,5.7256076879293646e-09
56,69,0.2708000001803157,49.63239999960933,30.521199999839155,4.307499999868014,15.55370000005496,3.8130999996610626,2.107204243344018e-09
56,70,0.2832000000125845,51.10500000000684,28.533300000162853,4.549100000076578,17.881799999940995,4.2699000000538945,1.687193009556496e-09
56,71,0.8008999998310173,44.16440000022703,28.78340000006574,4.540100000212988,15.980099999978847,3.4280999998372863,5.742394000983433e-10
56,72,0.30800000013186946,46.41700000001947,29.024500000105036,4.385700000057113,15.588199999911012,4.032300000289979,7.005191512377462e-10
56,73,0.36659999977928237,46.16249999980937,31.72519999998258,5.713300000024901,19.93880000009085,5.312799999956042,1.0665861066460746e-09
56,74,0.3878000002259796,50.47030000014274,30.647999999928288,4.826200000024983,18.56080000015936,3.3726000001479406,8.492389738608812e-10
56,75,0.5730999996558239,46.040000000175496,29.358499999943888,4.345400000147492,15.284099999917089,3.2993999998325307,3.978509808906229e-09
56,76,0.4502000001593842,45.61439999997674,34.936499999730586,4.9710999996932514,14.924600000085775,3.299400000287278,1.2410674277364582e-09
56,77,0.4048000000693719,49.909000000297965,28.238500000043132,4.345200000443583,14.87810000026002,3.348499999901833,3.2172771318413683e-09
56,78,0.6109000000833475,42.61610000003202,29.10250000013548,4.438100000243139,14.680600000247068,3.7618000001202745,3.092407687691066e-09
56,79,0.2569000002949906,47.81009999987873,29.275500000039756,4.355399999894871,16.827899999952933,3.9546000002701476,7.355408885772565e-10
56,80,0.7220000002234883,44.077699999888864,29.259599999932107,4.570200000216573,15.150499999890599,3.2945000002655433,5.304783876842484e-10
56,81,1.0400999999546912,53.051399999731075,27.5194000000738,4.66599999981554,15.198300000065501,3.277100000104838,1.3707693745375957e-09
56,82,0.25120000009337673,49.98740000019097,33.57750000031956,5.046100000072329,17.249200000151177,4.689299999881769,3.6736482766788986e-09
56,83,0.35580000030677184,48.12409999976808,36.802999999963504,7.3735999999371415,20.63380000026882,4.352499999640713,1.8033725161081318e-09
56,84,0.4718999998658546,54.12980000028256,28.756799999882787,4.6471000000565255,15.469000000393862,3.3570999999028572,1.5080829450357503e-09
56,85,0.4046999997626699,47.58859999992637,37.33199999987846,4.634899999928166,15.472800000225106,3.3573999999134685,9.847054014930715e-10
56,86,0.48589999960313435,50.0013000000763,30.523099999754777,5.100700000184588,15.23780000024999,3.59470000012152,2.491867855098285e-09
56,87,0.34409999989293283,45.14840000001641,32.378500000049826,5.364399999962188,15.279799999916577,3.5487000000102853,7.878223854157827e-10
56,88,0.28389999988576164,52.505200000268815,31.133200000112993,4.368299999896408,17.813200000091456,3.3466999998381652,7.114167814293939e-10
56,89,0.26099999968209886,49.51570000002903,30.967000000146072,4.3811999998979445,14.732500000263826,3.7276999996720406,6.00432024021781e-10
56,90,0.2564000001257227,50.89690000022529,41.70239999984915,5.266799999844807,15.246700000261626,4.05750000027183,1.718413537822946e-09
56,91,0.3034999999727006,44.241499999770895,31.177500000012515,4.383899999993446,16.180200000235345,3.9767000002939312,1.924112332318504e-09
56,92,0.3478999997241772,46.10659999980271,27.925800000048184,4.445099999884405,14.769800000067335,3.397200000108569,1.167181854509871e-09
56,93,0.3335999999762862,54.87660000017058,30.246400000123685,4.344399999808957,15.022699999917677,3.3862000000226544,2.060278344434766e-09
56,94,0.4748999999719672,42.96059999978752,32.544700000016746,5.3155999999034975,17.236900000170863,3.333300000122108,6.513001585439154e-10
56,95,0.4700999998021871,52.0329999999376,30.11500000002343,4.45739999986472,15.969000000040978,3.374100000200997,5.653117008958491e-09
56,96,0.32129999999597203,45.532900000125665,28.615199999876495,4.326900000251044,14.948500000173226,3.4356999999545224,6.512470050419591e-10
56,97,0.5357999998523155,56.89540000003035,35.27410000015152,6.381700000019919,15.815100000054372,3.8984000002528774,6.281308391829459e-10
56,98,0.4945999999108608,55.82169999979669,78.71720000002824,17.036000000189233,39.29850000031365,7.935699999961798,3.2148701047919194e-09
56,99,0.9466999999858672,49.45849999967322,28.980399999909423,4.375799999706942,15.742900000077498,3.3353999997416395,7.629950231105269e-10
60,0,0.304600000163191,59.52770000021701,35.25209999997969,5.567400000018097,15.571899999940797,3.406700000141427,2.5900773189151943e-09
60,1,0.4673999997066858,40.07480000018404,28.171100000236038,5.0161999997726525,15.583699999751843,4.293199999665376,7.214938746243508e-10
60,2,0.5222999998295563,45.409899999867775,30.11930000002394,5.187599999771919,15.783700000156387,3.355000000283326,2.875508224411138e-09
60,3,0.294099999791797,37.588200000300276,29.945299999781128,5.340599999726692,15.658399999665562,3.3039999998436542,9.019466420770998e-10
60,4,0.3805000001193548,40.815199999997276,27.870500000062748,4.357099999651837,15.082899999924848,3.3738000001903856,1.1388280043299527e-09
60,5,0.23339999961535796,48.71510000020862,43.11149999966801,8.981599999970058,29.787499999656575,5.8831999999711115,6.044810125411225e-10
60,6,0.5425000003924652,61.13820000018677,35.08650000003399,4.386999999951513,15.735200000108307,3.273900000294816,1.4222761831030313e-09
60,7,0.29949999998279964,36.892099999931816,28.08869999989838,4.531300000053307,14.797799999996641,4.626899999948364,2.1706600629404193e-09
60,8,0.2746999998635147,36.060599999927945,47.33119999991686,6.425900000067486,23.023100000045815,4.86079999973299,5.023195252609574e-09
60,9,0.445900000158872,77.73709999992207,63.534700000218436,12.990899999749672,29.440400000112277,8.452000000033877,6.711907768277575e-10
60,10,0.29949999998279964,48.14589999978125,39.183500000035565,6.943500000033964,20.06340000025375,4.344400000263704,1.650462134646091e-09
60,11,0.23540000029242947,47.30389999986073,29.63769999996657,4.397500000322907,15.221699999983684,3.4766999997373205,2.111399239313613e-09
60,12,0.33310000026176567,36.81800000003932,28.093300000364252,6.038099999841506,17.168500000025233,3.852199999982986,2.0253450579097305e-09
60,13,0.40780000017548446,43.7062999999398,29.875799999899755,4.305700000259094,15.23559999986901,3.30439999970622,1.3242216007417052e-09
60,14,0.5897999999433523,43.45149999971909,28.412699999989854,4.597200000262092,15.19189999999071,3.28750000016953,7.790023791091613e-10
60,15,0.31470000021727174,34.648700000161625,27.168600000095466,4.277999999885651,14.767699999993056,3.4588000003168418,1.7425957914639527e-09
60,16,0.3258000001551409,39.10589999986769,27.871499999946536,4.528800000116462,15.350300000136485,3.7727000003542344,2.8290691855486077e-09
60,17,0.6398000000444881,36.97570000031192,27.689300000020012,4.4797999998991145,15.83489999984522,3.4160000000156288,8.542306754812163e-10
60,18,0.27809999983219313,37.68720000016401,30.83299999980227,4.590700000335346,14.970100000027742,3.4359999999651336,6.234250881981216e-10
60,19,0.5356000001484063,35.85589999966032,27.167499999904976,4.369999999653373,15.403499999592896,3.4778999997797655,1.6298138987630552e-09
60,20,0.35729999990508077,35.12850000015533,27.588400000240654,4.542799999853742,15.264399999978195,3.2940000000962755,9.56872846693223e-10
60,21,0.5258000001049368,36.10529999969003,27.73720000004687,4.465999999865744,14.850399999886577,3.290999999990163,1.216225716152936e-09
60,22,0.3270000001975859,40.12650000004214,30.38280000009763,4.742200000237062,14.985799999976734,3.4596000000419735,1.932664967670482e-09
60,23,0.23830000009184005,50.46810000021651,31.225899999753892,4.794999999830907,15.829800000119576,3.6554999996951665,6.501631714223979e-10
60,24,0.24149999990186188,43.53300000002491,28.05949999992663,4.325800000060553,15.476000000035128,4.106000000319909,7.299720631900317e-10
60,25,0.3897999999935564,36.98009999970964,27.163000000200554,4.3395999996391765,14.658699999927194,3.19309999986217,3.0794575288949037e-09
60,26,0.2592999999251333,34.601699999711855,27.818199999728677,5.144899999777408,14.812899999924412,3.2089999999698193,2.114943378374024e-09
60,27,0.2560999996603641,38.70869999991555,31.803000000309112,4.218500000206404,15.065399999912188,3.2115999997586187,1.8974370227875387e-09
60,28,0.31690000014350517,36.05740000011792,27.884800000265386,4.221800000323128,15.117899999950168,3.32250000019485,1.6946324888788862e-09
60,29,0.34379999988232157,35.571900000377354,28.53380000033212,4.32539999974324,14.564300000074581,3.208000000086031,4.5988518426076435e-09
60,30,0.3162999996675353,35.89780000038445,27.138400000239926,4.236299999774928,14.806399999997666,3.321199999845703,1.9379603681798304e-09
60,31,0.27580000005400507,36.749000000327214,27.061400000093272,4.696700000295095,15.059099999689352,3.2901999998102838,1.9115477621349213e-09
60,32,0.36680000039268634,48.36699999987104,28.506799999831856,5.772499999693537,15.864999999848806,3.2980000000861764,1.989511657142392e-09
60,33,0.701299999946059,36.59770000012941,27.874399999745947,4.425799999808078,14.837700000043696,3.275299999586423,5.870148453167292e-09
60,34,0.2770000000964501,52.4478000002091,30.18740000015896,4.296500000236847,17.225500000222382,4.15130000010322,3.4764476310263925e-09
60,35,0.4179000002295652,36.42540000009831,28.250800000023446,4.220599999825936,15.845699999772478,3.2545000003665336,1.5459094413562553e-09
60,36,0.3229999997529376,43.60180000003311,29.936699999780103,4.3332999998710875,15.050399999836372,3.295400000297377,7.212215073104936e-10
60,37,0.37090000023454195,35.78150000021196,27.147299999796815,5.8715999998639745,18.64030000024286,3.497199999856093,6.062565475582944e-10
60,38,0.23349999992205994,37.057999999888125,28.651999999965483,5.002800000056595,18.619800000124087,4.118200000448269,5.035507234137355e-09
60,39,0.6107000003794383,36.564999999882275,27.672399999573827,4.214900000079069,14.855699999770877,3.492199999982404,7.604540239118956e-10
60,40,0.2559999998084095,39.79779999963284,31.081299999641487,4.513100000167469,15.096300000095653,3.4448999999767693,8.561100865570706e-10
60,41,0.4675999998653424,43.79590000007738,30.07130000014513,5.989299999782816,21.39450000004217,5.021899999974266,8.816180033736278e-10
60,42,0.3145000000586151,35.359800000151154,27.35690000008617,4.224900000281195,15.127799999845593,3.204500000265398,1.8463365365425537e-09
60,43,0.25439999990339857,34.59920000022976,26.59010000024864,4.408199999943463,14.255399999910878,3.213200000118377,1.3737409523195184e-09
60,44,0.29799999992974335,36.248900000373396,26.940799999920273,4.256199999872479,15.45429999987391,3.5113999997520295,7.023323087671195e-10
60,45,0.23670000018682913,34.36740000006466,27.657299999646057,6.061899999622256,16.29259999981514,3.218900000319991,1.384422911426136e-09
60,46,0.2580999998826883,35.575299999891286,26.844400000300084,4.417300000113755,14.258299999710289,3.5797999998976593,1.9544211887301885e-09
60,47,0.4403000002639601,35.008599999855505,26.65049999995972,4.209100000025501,14.492100000097707,3.251099999943108,1.6545954698139292e-09
60,48,0.34779999987222254,34.52310000011494,28.693800000382907,4.223800000090705,14.570399999684014,3.393500000129279,1.2346797005899769e-09
60,49,0.3778000000238535,37.502000000131375,27.674699999806762,4.370999999991909,14.688100000057602,3.4070000001520384,4.859400167440334e-09
60,50,0.2844000000550295,35.31879999991361,26.378400000339752,4.604700000072626,14.811699999881967,4.311499999857915,1.8975399568605053e-09
60,51,0.22459999991042423,36.84980000025462,51.32430000003296,8.975500000360626,32.36970000034489,6.004999999731808,8.625206926085171e-10
60,52,0.35729999990508077,70.96669999964433,43.9661000000342,7.36430000006294,18.525399999816727,3.9305000000240398,2.7808155337058193e-09
60,53,0.36860000000160653,49.979399999756424,28.53640000012092,4.348800000116171,15.178600000126607,3.3792999997785955,2.334758923854309e-09
60,54,0.5682999999407912,58.57429999969099,29.043600000022707,5.035199999838369,15.210399999887159,3.372399999989284,1.4185544158831317e-09
60,55,0.32139999984792667,36.4396999998462,27.271599999949103,4.435900000316906,14.498399999865796,3.2001999998101383,1.9172670773592695e-09
60,56,0.5294000002322719,40.3812000004109,28.448300000036397,7.518599999912112,21.122099999956845,4.347000000052503,8.010222564677394e-10
60,57,0.3194999999323045,56.582999999591266,65.51649999983056,11.619300000347721,34.182200000032026,7.633300000179588,1.2841376159564972e-09
60,58,0.40880000005927286,40.95439999991868,27.160399999957008,4.462800000055722,19.61859999983062,4.209499999888067,4.472440127633412e-09
60,59,0.37870000005568727,39.57650000029389,43.9169999999649,8.575599999858241,29.723699999976816,6.357499999921856,1.112516832363037e-09
60,60,0.3671999998005049,74.15480000008756,34.32629999997516,6.415100000140228,18.055599999570404,3.3195000000887376,1.8604544323676198e-09
60,61,0.27960000033999677,44.951599999876635,29.653399999915564,5.7044000000132655,16.169500000160042,3.324799999973038,5.889819842816336e-10
60,62,0.25899999991452205,37.41339999987758,29.090200000155164,4.439300000285584,14.883700000154931,3.277100000104838,1.896554907687404e-09
60,63,0.3158999998049694,46.41190000029383,36.6585000001578,5.309500000294065,20.921700000144483,5.251399999906425,9.172650386087363e-10
60,64,0.29020000010859803,51.62350000000515,32.52959999963423,7.219399999939924,20.10820000032254,3.765200000088953,9.306152330762912e-10
60,65,0.36999999974796083,38.740299999972194,27.99749999985579,4.505200000039622,14.979300000049989,3.4627999998519954,2.3871938436911058e-09
60,66,0.3218000001652399,36.30140000041138,28.30290000019886,4.725700000108191,15.780599999743572,3.218400000150723,1.5346047900760354e-09
60,67,0.2478999999766529,35.44560000000274,27.932099999816273,4.191400000308931,14.399300000150106,3.218700000161334,6.476641519290779e-10
60,68,0.34290000030523515,36.28459999981715,26.818099999672995,6.233699999938835,16.32000000017797,3.2105000000228756,6.029610896566181e-10
60,69,0.2534999998715648,34.73999999960142,28.71499999992011,5.11770000002798,14.680399999633664,3.2169000000976666,2.6363953263649343e-09
60,70,0.33319999965897296,34.649199999876146,29.290299999956915,4.40340000022843,14.629300000251533,3.5321999998814135,9.460402699027595e-10
60,71,0.2266000001327484,37.9440000001523,27.31339999991178,4.30899999992107,14.421800000036455,3.2114000000547094,1.5780498474204117e-09
60,72,0.2523000002838671,35.424500000317494,30.691699999806588,4.262299999936658,14.886200000091776,3.206999999747495,7.123235967134624e-10
60,73,0.2585000002000015,38.994199999706325,27.714500000001863,4.3356999999559775,15.130499999941094,3.3398000000488537,1.048037925179109e-09
60,74,0.4484999999476713,37.376299999777984,27.579299999615614,4.996299999675102,18.898599999829457,4.27029999991646,8.537320901627373e-10
60,75,0.4422000001795823,34.14230000043972,26.462499999979627,4.438200000095094,14.362200000050507,3.3039999998436542,1.721948689047107e-09
60,76,0.3013000000464672,35.37060000007841,36.88190000002578,6.500700000287907,17.442599999867525,3.624200000103883,7.456368353836699e-10
60,77,0.2590999997664767,45.73840000011842,29.930100000001403,4.345899999862013,19.463200000245706,4.701100000147562,3.889303052246895e-09
60,78,0.5798999995931808,38.46370000019306,28.055700000095385,4.417800000283023,14.926100000138831,3.29779999992752,2.2530256916512544e-09
60,79,0.2792000000226835,34.715699999651406,27.153099999850383,4.43859999995766,14.566700000159472,3.2366000000365602,8.400067367542313e-10
60,80,0.2578000003268244,36.531400000058056,27.20950000002631,4.419299999881332,14.376700000411802,3.58269999969707,2.7149340834296127e-09
60,81,0.2712000000428816,39.08369999999195,33.498599999802536,4.388400000152615,14.99580000017886,3.2888000000639295,5.617542131538494e-09
60,82,0.27909999971598154,35.315300000092975,29.375600000093982,4.3270000001029985,15.09570000007443,3.469799999948009,2.910532008221263e-09
60,83,0.2801000000545173,43.250499999885506,27.168900000106078,4.68589999991309,14.863900000364083,3.683299999920564,1.5946148259785015e-09
60,84,0.38099999983387534,38.33540000005087,27.287599999908707,4.581799999868963,14.796100000239676,3.3247000001210836,2.4756673466729323e-09
60,85,0.39910000032250537,36.51589999981297,26.75180000005639,4.221000000143249,14.739499999905092,3.2009999999900174,2.7852453301944426e-09
60,86,0.3695000000334403,40.2113999998619,37.03830000040398,4.496300000027986,19.92049999989831,6.757799999832059,6.240676873031463e-10
60,87,0.44160000015835976,39.814100000057806,28.0347999996593,5.45719999990979,15.585099999952945,3.481999999621621,7.741186956923238e-10
60,88,0.26879999995799153,36.61969999984649,28.407100000094943,5.020099999910599,14.810000000125001,3.491199999643868,8.636802511577052e-10
60,89,0.24279999979626155,36.69899999977133,28.14459999990504,4.646599999887258,15.197499999885622,3.3920999999281776,1.402990350461301e-09
60,90,0.3474999998616113,37.8086999999141,28.642499999932625,4.62119999974675,15.71220000005269,4.074700000273879,1.1391309269733374e-09
60,91,0.24930000017775455,35.93300000011368,28.844200000094133,4.48580000011134,15.404400000079477,3.555499999947642,1.2385201188580417e-09
60,92,0.2637000002323475,36.256800000046496,28.385199999775068,4.871300000104384,17.905400000017835,6.031099999745493,1.5607717873854884e-09
60,93,0.25649999997767736,60.186199999861856,67.61980000010226,8.132899999964138,38.86099999999715,7.71260000010443,9.083002998662393e-10
60,94,0.466700000288256,69.19220000008863,47.57119999976567,7.2633999998288346,17.882600000120874,3.3477999995739083,9.233552812442399e-10
60,95,0.25870000035865814,52.58770000000368,37.82279999995808,5.842300000040268,23.06769999995595,7.684599999720376,2.151359604496343e-09
60,96,0.3206999999747495,48.18389999991268,39.93739999987156,5.582600000252569,15.62019999983022,3.8752000000386033,1.1111298209220389e-09
60,97,0.31769999986863695,50.792900000033114,39.271199999802775,7.164599999669008,19.160699999702047,4.325899999912508,3.1011150502170516e-09
60,98,0.26630000002114684,47.64960000011342,32.501700000011624,5.1097000000481785,17.97919999989972,4.974899999979243,2.5937970708833187e-09
60,99,0.3334999996695842,45.67169999972975,35.85879999991448,8.220299999720737,23.842300000069372,3.97339999972246,1.0083993525260025e-09
